subreddit1,subreddit2,similarity
news.csv,worldnews.csv,0.24432593672104042
Liberal.csv,politics.csv,0.20508963420931958
mildlyinteresting.csv,todayilearned.csv,0.16503516790763917
news.csv,todayilearned.csv,0.16128222784991475
Liberal.csv,worldnews.csv,0.15432171814403461
AskWomen.csv,AskReddit.csv,0.1424394486539673
AskMen.csv,AskReddit.csv,0.14165864360202574
mildlyinteresting.csv,news.csv,0.13405414419385875
AskWomen.csv,AskMen.csv,0.13239364155981537
news.csv,politics.csv,0.12930674234747697
todayilearned.csv,worldnews.csv,0.12799526172414866
news.csv,Liberal.csv,0.12265595274370178
Liberal.csv,australia.csv,0.11731758894610356
news.csv,australia.csv,0.11456284760919078
worldnews.csv,politics.csv,0.11302932774113872
nfl.csv,baseball.csv,0.10745465503163876
mildlyinteresting.csv,worldnews.csv,0.10708671978774453
baseball.csv,nba.csv,0.10663525753760084
todayilearned.csv,Liberal.csv,0.10242430597713237
NoStupidQuestions.csv,AskReddit.csv,0.10131137027829318
Liberal.csv,anime.csv,0.10071980626201948
Liberal.csv,Conservative.csv,0.0997271048120536
IAmA.csv,Piracy.csv,0.09830170684737627
nfl.csv,nba.csv,0.09613186556003783
australia.csv,worldnews.csv,0.0951681982170649
mildlyinteresting.csv,baseball.csv,0.09439433364099492
Liberal.csv,Jokes.csv,0.0929730701954572
Liberal.csv,apple.csv,0.092117723786452
LifeProTips.csv,AskReddit.csv,0.09153949362634728
news.csv,explainlikeimfive.csv,0.09146213563027916
NoStupidQuestions.csv,explainlikeimfive.csv,0.09124852819880158
todayilearned.csv,australia.csv,0.0911522069333468
Cooking.csv,Fitness.csv,0.09106170923942136
movies.csv,Piracy.csv,0.09093998450333474
NoStupidQuestions.csv,todayilearned.csv,0.09072341430245034
mildlyinteresting.csv,australia.csv,0.09039789471840365
AskWomen.csv,sex.csv,0.08839523023032114
news.csv,Piracy.csv,0.08832048656138158
mildlyinteresting.csv,Minecraft.csv,0.08820941859864273
mildlyinteresting.csv,CasualUK.csv,0.08744882695309986
mildlyinteresting.csv,TrueOffMyChest.csv,0.08697389298840486
TrueOffMyChest.csv,unpopularopinion.csv,0.08652197666030825
AskReddit.csv,TrueOffMyChest.csv,0.0857138407904865
news.csv,apple.csv,0.08565071366089017
movies.csv,Games.csv,0.08545748428711375
AskMen.csv,teenagers.csv,0.08375223773168416
movies.csv,Liberal.csv,0.08290971388948487
mildlyinteresting.csv,antiwork.csv,0.08268221495038541
australia.csv,politics.csv,0.08238625658649879
AskMen.csv,tifu.csv,0.08238326176926514
mildlyinteresting.csv,AskReddit.csv,0.082347578184774
Liberal.csv,nfl.csv,0.08231491382875278
todayilearned.csv,explainlikeimfive.csv,0.08228815594067163
news.csv,AskReddit.csv,0.08179064252847701
IAmA.csv,news.csv,0.08132164859317459
Liberal.csv,CryptoCurrency.csv,0.08060988786693624
tifu.csv,AskReddit.csv,0.07985446320972034
TrueOffMyChest.csv,AmItheAsshole.csv,0.07964358301688623
AskMen.csv,TrueOffMyChest.csv,0.07914218384366378
movies.csv,apple.csv,0.07911797052518665
australia.csv,AskReddit.csv,0.07909181188024339
Piracy.csv,worldnews.csv,0.0788831582730325
NoStupidQuestions.csv,news.csv,0.07855522826461214
mildlyinteresting.csv,movies.csv,0.07838945980184153
Piracy.csv,Games.csv,0.07823537078098597
movies.csv,nba.csv,0.07779555322529452
Liberal.csv,nba.csv,0.07778211076751507
Piracy.csv,australia.csv,0.07664415890134013
TwoXChromosomes.csv,TrueOffMyChest.csv,0.07651142082767581
movies.csv,news.csv,0.0765113248243463
NintendoSwitch.csv,apple.csv,0.07608321699531773
AskMen.csv,politics.csv,0.07602453710180634
sysadmin.csv,australia.csv,0.07510028226996912
teenagers.csv,TrueOffMyChest.csv,0.07482818145685344
todayilearned.csv,Jokes.csv,0.07423836802639316
todayilearned.csv,AskMen.csv,0.07404233233647928
MensRights.csv,Liberal.csv,0.07403244049394209
techsupport.csv,apple.csv,0.07387457936086739
leagueoflegends.csv,Twitch.csv,0.07385125242131652
AskWomen.csv,relationships.csv,0.07371752723250069
news.csv,soccer.csv,0.07357501464806593
soccer.csv,nfl.csv,0.07355619839497085
australia.csv,baseball.csv,0.0734891728007031
todayilearned.csv,apple.csv,0.07344990594307632
Liberal.csv,TwoXChromosomes.csv,0.07312520889142715
buildapc.csv,AskMen.csv,0.07293160970208912
leagueoflegends.csv,apple.csv,0.07279505358230731
Minecraft.csv,teenagers.csv,0.07277545998556445
baseball.csv,apple.csv,0.07270364546920915
MensRights.csv,Conservative.csv,0.07262957027330974
news.csv,Jokes.csv,0.07235208477667099
apple.csv,anime.csv,0.07215436536353104
AskWomen.csv,politics.csv,0.07175848829664433
todayilearned.csv,TrueOffMyChest.csv,0.071707395179752
soccer.csv,baseball.csv,0.0715315987838906
Twitch.csv,unpopularopinion.csv,0.07145940638268944
NoStupidQuestions.csv,baseball.csv,0.071425883126363
teenagers.csv,AskReddit.csv,0.07133622685844565
movies.csv,baseball.csv,0.07110480086259385
NoStupidQuestions.csv,AskMen.csv,0.07050889694521545
NoStupidQuestions.csv,worldnews.csv,0.07031943500909965
news.csv,unpopularopinion.csv,0.07027852930847012
apple.csv,nba.csv,0.07026962998246677
news.csv,Conservative.csv,0.07026423610338994
NoStupidQuestions.csv,TrueOffMyChest.csv,0.07022439978715256
NoStupidQuestions.csv,mildlyinteresting.csv,0.06979369340854547
Conservative.csv,worldnews.csv,0.06949581624616186
mildlyinteresting.csv,leagueoflegends.csv,0.0694629995472138
relationships.csv,AskMen.csv,0.06940031956554804
soccer.csv,australia.csv,0.06922176668151958
NoFap.csv,AskMen.csv,0.06919896109400403
IAmA.csv,NoStupidQuestions.csv,0.06896083909099382
AskMen.csv,Jokes.csv,0.06893607329272322
Liberal.csv,relationship_advice.csv,0.06876348603098359
AskWomen.csv,FemaleDatingStrategy.csv,0.0682715094866494
apple.csv,politics.csv,0.06810850033076954
IAmA.csv,todayilearned.csv,0.06773255775179265
NoStupidQuestions.csv,politics.csv,0.06768504422142185
sex.csv,apple.csv,0.06767098905574209
leagueoflegends.csv,TrueOffMyChest.csv,0.0673541403395691
LifeProTips.csv,politics.csv,0.06698274873055476
sysadmin.csv,news.csv,0.06686947399755094
AskWomen.csv,leagueoflegends.csv,0.06666507801433574
antiwork.csv,NintendoSwitch.csv,0.066310411955951
AskWomen.csv,TrueOffMyChest.csv,0.06622986450766466
todayilearned.csv,AskReddit.csv,0.06620158323028291
Liberal.csv,AskReddit.csv,0.06598163644556687
MaliciousCompliance.csv,Liberal.csv,0.0658322810339449
askscience.csv,todayilearned.csv,0.06582788968652831
mildlyinteresting.csv,tifu.csv,0.06565961374305873
movies.csv,nfl.csv,0.06564047006332596
AskReddit.csv,unpopularopinion.csv,0.0656280210281609
NoFap.csv,TrueOffMyChest.csv,0.06545684754339898
AskWomen.csv,unpopularopinion.csv,0.06542712939238393
soccer.csv,worldnews.csv,0.06525896719641777
apple.csv,worldnews.csv,0.06509492218687118
AskWomen.csv,Jokes.csv,0.06494305996562011
CryptoCurrency.csv,apple.csv,0.06481061455924797
mildlyinteresting.csv,LifeProTips.csv,0.0647234643790473
buildapc.csv,Fitness.csv,0.0645919517151603
AskMen.csv,sex.csv,0.06454037270695412
NoFap.csv,AskReddit.csv,0.06444986594863022
todayilearned.csv,unpopularopinion.csv,0.06422831833149667
relationships.csv,AmItheAsshole.csv,0.0641045466476925
relationships.csv,TrueOffMyChest.csv,0.06409702943234652
buildapc.csv,Liberal.csv,0.0639439056523764
AskReddit.csv,explainlikeimfive.csv,0.06393654084838729
AskWomen.csv,AmItheAsshole.csv,0.06366605856724039
news.csv,MensRights.csv,0.0632273592967274
movies.csv,teenagers.csv,0.06305188678370854
AskWomen.csv,teenagers.csv,0.06302661575319557
sex.csv,personalfinance.csv,0.06300961897104995
AskMen.csv,Cooking.csv,0.06280972169704035
AskWomen.csv,todayilearned.csv,0.06253984171397087
todayilearned.csv,politics.csv,0.06253831696236523
Minecraft.csv,baseball.csv,0.06238361440639251
AskMen.csv,TwoXChromosomes.csv,0.062230059838492835
baseball.csv,politics.csv,0.06218019502911609
relationships.csv,relationship_advice.csv,0.062158286601621926
soccer.csv,nba.csv,0.06213999014792604
Liberal.csv,teenagers.csv,0.0621383262068147
AskWomen.csv,movies.csv,0.06191071487126698
MensRights.csv,worldnews.csv,0.06182654009568178
IAmA.csv,worldnews.csv,0.061667258541539316
NoStupidQuestions.csv,Jokes.csv,0.061645971510586595
mildlyinteresting.csv,Conservative.csv,0.06160645240247831
soccer.csv,TrueOffMyChest.csv,0.06155512095477733
NoFap.csv,Minecraft.csv,0.06147223463783502
leagueoflegends.csv,anime.csv,0.06114987578075437
news.csv,TwoXChromosomes.csv,0.061023559856556386
news.csv,nfl.csv,0.06097858480123475
nfl.csv,apple.csv,0.060916759610037396
australia.csv,LifeProTips.csv,0.06090944168560397
AskMen.csv,nba.csv,0.06061013819417904
askscience.csv,Liberal.csv,0.06024321613977923
teenagers.csv,politics.csv,0.06021716581736203
MensRights.csv,apple.csv,0.05988470710192162
AskMen.csv,AmItheAsshole.csv,0.05984654465286032
todayilearned.csv,tifu.csv,0.05981111688793761
movies.csv,todayilearned.csv,0.05979845970115372
leagueoflegends.csv,nba.csv,0.059690827793484336
leagueoflegends.csv,movies.csv,0.059628888528862944
AskReddit.csv,baseball.csv,0.059505483772905765
Minecraft.csv,sex.csv,0.05939310611580284
movies.csv,AskReddit.csv,0.05936847148411095
NoFap.csv,LifeProTips.csv,0.05935025268672345
nfl.csv,anime.csv,0.05924386421722483
TrueOffMyChest.csv,nba.csv,0.05916683451576099
mildlyinteresting.csv,apple.csv,0.059119461623359015
NoFap.csv,sex.csv,0.059010502467188086
AskWomen.csv,LifeProTips.csv,0.0589874301050628
Minecraft.csv,soccer.csv,0.05893798228600455
IAmA.csv,explainlikeimfive.csv,0.05882752964131033
NoStupidQuestions.csv,tifu.csv,0.05880215725475957
LifeProTips.csv,worldnews.csv,0.05879370157964847
AskWomen.csv,NoFap.csv,0.058746152565156806
AskReddit.csv,Fitness.csv,0.058728713915003006
Fitness.csv,explainlikeimfive.csv,0.05871388879745709
australia.csv,CasualUK.csv,0.05866710960755073
mildlyinteresting.csv,Liberal.csv,0.058443935981408845
Liberal.csv,LifeProTips.csv,0.05810984389852458
AskWomen.csv,NoStupidQuestions.csv,0.05804336775549346
AskReddit.csv,Jokes.csv,0.058003625986032925
IAmA.csv,askscience.csv,0.05795806189374075
teenagers.csv,unpopularopinion.csv,0.057925065847788115
MensRights.csv,baseball.csv,0.0579147112998738
AskReddit.csv,politics.csv,0.05784410103961657
mildlyinteresting.csv,Jokes.csv,0.057786382511464396
NintendoSwitch.csv,Twitch.csv,0.05758991472950681
relationships.csv,Liberal.csv,0.057547488894196586
NoFap.csv,baseball.csv,0.057181807028722775
IAmA.csv,Twitch.csv,0.0571793897026035
NoFap.csv,teenagers.csv,0.05713968088825794
relationships.csv,AskReddit.csv,0.057069323373790115
worldnews.csv,explainlikeimfive.csv,0.057039770855319194
leagueoflegends.csv,NoFap.csv,0.0569263561110549
leagueoflegends.csv,NintendoSwitch.csv,0.056858015508403414
todayilearned.csv,CasualUK.csv,0.05663813665604278
TrueOffMyChest.csv,relationship_advice.csv,0.056539065402082755
buildapc.csv,news.csv,0.05631262118377689
Piracy.csv,Twitch.csv,0.05611416635026145
australia.csv,nfl.csv,0.05609172574852994
techsupport.csv,Twitch.csv,0.05577446386492524
Liberal.csv,unpopularopinion.csv,0.055727844277067784
soccer.csv,AgainstHateSubreddits.csv,0.05561786531578805
NoFap.csv,politics.csv,0.05548552610312374
sysadmin.csv,tifu.csv,0.055309724042941655
Jokes.csv,politics.csv,0.05525489442434317
AskMen.csv,baseball.csv,0.0551815386616592
movies.csv,explainlikeimfive.csv,0.05486306273657737
teenagers.csv,CasualUK.csv,0.05469287848554849
movies.csv,NintendoSwitch.csv,0.05468516214153585
australia.csv,TrueOffMyChest.csv,0.054562285881292416
teenagers.csv,nba.csv,0.054444925450661374
NoStupidQuestions.csv,unpopularopinion.csv,0.054397129093978536
tifu.csv,Liberal.csv,0.05418490890898342
Minecraft.csv,politics.csv,0.054036334335572755
Fitness.csv,Twitch.csv,0.05401790849056953
NoStupidQuestions.csv,Fitness.csv,0.05395682022615633
NoStupidQuestions.csv,teenagers.csv,0.05394226513979894
sysadmin.csv,baseball.csv,0.053938344126563065
mildlyinteresting.csv,Piracy.csv,0.053913798722989625
TwoXChromosomes.csv,worldnews.csv,0.05390590738488754
relationships.csv,NoFap.csv,0.05384292439286109
sex.csv,Cooking.csv,0.053729515443278864
leagueoflegends.csv,baseball.csv,0.05369951078410862
nfl.csv,TrueOffMyChest.csv,0.053533986255800414
movies.csv,LifeProTips.csv,0.05353094711034512
teenagers.csv,AmItheAsshole.csv,0.053522126856673236
nfl.csv,worldnews.csv,0.05349138214311744
sysadmin.csv,apple.csv,0.05348487403948454
Cooking.csv,unpopularopinion.csv,0.053449486071703634
tifu.csv,TrueOffMyChest.csv,0.053422604320795486
IAmA.csv,mildlyinteresting.csv,0.05340217708683237
mildlyinteresting.csv,buildapc.csv,0.05330120355809709
sysadmin.csv,movies.csv,0.05299982150668148
Liberal.csv,AmItheAsshole.csv,0.052947832028334973
sysadmin.csv,CryptoCurrency.csv,0.05288592352401045
news.csv,anime.csv,0.05272859217833492
mildlyinteresting.csv,TwoXChromosomes.csv,0.05264848535815536
AskWomen.csv,MaliciousCompliance.csv,0.0523497248272311
Cooking.csv,personalfinance.csv,0.05208085798371165
askscience.csv,explainlikeimfive.csv,0.0520549558435347
NoStupidQuestions.csv,leagueoflegends.csv,0.05197917259839946
Jokes.csv,CasualUK.csv,0.051968271536685595
sysadmin.csv,politics.csv,0.051878001728304035
buildapc.csv,personalfinance.csv,0.051870703836791265
worldnews.csv,Twitch.csv,0.05185674723558098
Games.csv,NintendoSwitch.csv,0.05185122725421942
news.csv,baseball.csv,0.05171827941023821
FemaleDatingStrategy.csv,teenagers.csv,0.051577291719946405
mildlyinteresting.csv,anime.csv,0.051436757249883946
Games.csv,apple.csv,0.051433390372252474
AskWomen.csv,news.csv,0.051377549658001564
leagueoflegends.csv,AskMen.csv,0.05131485770585287
news.csv,Games.csv,0.05121178376330626
movies.csv,soccer.csv,0.051189023644037324
Twitch.csv,nba.csv,0.05116745822730384
mildlyinteresting.csv,teenagers.csv,0.05115697305327627
sex.csv,AskReddit.csv,0.051022891590321695
movies.csv,Cooking.csv,0.05082734379718867
antiwork.csv,politics.csv,0.05075497557451947
techsupport.csv,Fitness.csv,0.05067140527576308
MensRights.csv,politics.csv,0.050655532323430785
Piracy.csv,apple.csv,0.050507539161601445
MaliciousCompliance.csv,apple.csv,0.05048251983683172
mildlyinteresting.csv,AmItheAsshole.csv,0.05047229310487611
IAmA.csv,unpopularopinion.csv,0.05035524922235779
IAmA.csv,australia.csv,0.05028500751293907
todayilearned.csv,nba.csv,0.05008890346318484
teenagers.csv,australia.csv,0.049964241507057805
TrueOffMyChest.csv,explainlikeimfive.csv,0.04983911102811189
movies.csv,Twitch.csv,0.04980081499571598
Liberal.csv,soccer.csv,0.049705294043906334
news.csv,CasualUK.csv,0.049668558406325
LifeProTips.csv,unpopularopinion.csv,0.04962126763275099
NoStupidQuestions.csv,apple.csv,0.049308675448763384
nfl.csv,Fitness.csv,0.049298493988074066
Liberal.csv,baseball.csv,0.04922970015262529
askscience.csv,worldnews.csv,0.04914729217900049
leagueoflegends.csv,news.csv,0.04913955714941687
mildlyinteresting.csv,politics.csv,0.04894715440582953
techsupport.csv,Games.csv,0.04890267483918076
todayilearned.csv,MensRights.csv,0.04882968891262929
MaliciousCompliance.csv,TrueOffMyChest.csv,0.04880406278432181
news.csv,Cooking.csv,0.048790315089001335
NintendoSwitch.csv,nba.csv,0.04878336013825246
leagueoflegends.csv,Fitness.csv,0.048774072823889236
Piracy.csv,nfl.csv,0.048727338877936344
AskWomen.csv,personalfinance.csv,0.04868288765308715
australia.csv,Fitness.csv,0.04865911123303812
Games.csv,TrueOffMyChest.csv,0.04858192978312137
AmItheAsshole.csv,unpopularopinion.csv,0.04850907623023659
mildlyinteresting.csv,unpopularopinion.csv,0.04846192354963008
NoStupidQuestions.csv,relationship_advice.csv,0.048330544766891914
baseball.csv,TrueOffMyChest.csv,0.04832091703036223
FemaleDatingStrategy.csv,sex.csv,0.04817007020531339
AskWomen.csv,MensRights.csv,0.047956496717318386
personalfinance.csv,AskReddit.csv,0.04795090409572855
buildapc.csv,TrueOffMyChest.csv,0.04793111957434337
Liberal.csv,explainlikeimfive.csv,0.04789682337825829
askscience.csv,news.csv,0.04782474411154669
teenagers.csv,TwoXChromosomes.csv,0.04773923679327907
sysadmin.csv,todayilearned.csv,0.047608201520377036
tifu.csv,unpopularopinion.csv,0.047519539336008165
NoFap.csv,relationship_advice.csv,0.04746283845764865
todayilearned.csv,LifeProTips.csv,0.04744857552881587
techsupport.csv,Cooking.csv,0.047361212515839246
AskWomen.csv,nba.csv,0.047213090309348726
mildlyinteresting.csv,Fitness.csv,0.04717849813939923
Piracy.csv,todayilearned.csv,0.047097008036091514
movies.csv,FemaleDatingStrategy.csv,0.0470902905755598
todayilearned.csv,baseball.csv,0.04705513354602753
news.csv,TrueOffMyChest.csv,0.047010071796852015
unpopularopinion.csv,explainlikeimfive.csv,0.046625897141278516
Jokes.csv,unpopularopinion.csv,0.046590785465230766
antiwork.csv,soccer.csv,0.046559581714696985
soccer.csv,AskReddit.csv,0.04648514026110062
teenagers.csv,personalfinance.csv,0.04635406437106304
personalfinance.csv,politics.csv,0.046326604028714136
news.csv,AskMen.csv,0.046286112427961545
mildlyinteresting.csv,AskMen.csv,0.04626422800887431
nfl.csv,AmItheAsshole.csv,0.04613434948181516
FemaleDatingStrategy.csv,politics.csv,0.046104401568152764
Liberal.csv,Games.csv,0.04609974951112639
askscience.csv,personalfinance.csv,0.046079612083952615
AskReddit.csv,relationship_advice.csv,0.046067760072349806
relationship_advice.csv,unpopularopinion.csv,0.04605599865205845
movies.csv,worldnews.csv,0.046005073898687465
apple.csv,Twitch.csv,0.04600490767880683
askscience.csv,Fitness.csv,0.04599627053471311
NintendoSwitch.csv,anime.csv,0.045996045271982866
leagueoflegends.csv,Cooking.csv,0.04594815206261682
MensRights.csv,AskReddit.csv,0.045934942732511086
tifu.csv,Fitness.csv,0.04589196634270887
mildlyinteresting.csv,MaliciousCompliance.csv,0.045881741345655924
buildapc.csv,Cooking.csv,0.04587509119153943
nfl.csv,politics.csv,0.04563321444238244
AskReddit.csv,AmItheAsshole.csv,0.04550243703810164
news.csv,MaliciousCompliance.csv,0.04547837964705603
buildapc.csv,movies.csv,0.04544706016892708
techsupport.csv,MaliciousCompliance.csv,0.04541539225669311
Piracy.csv,unpopularopinion.csv,0.045322038069964155
techsupport.csv,NintendoSwitch.csv,0.04522675639568108
MensRights.csv,relationship_advice.csv,0.045107820409120536
sex.csv,unpopularopinion.csv,0.04510757808433952
sysadmin.csv,Piracy.csv,0.04504569637675526
MaliciousCompliance.csv,Conservative.csv,0.04496635903551671
leagueoflegends.csv,Piracy.csv,0.04487755717395414
news.csv,Twitch.csv,0.04485296201047617
AskMen.csv,relationship_advice.csv,0.04476313337905302
australia.csv,anime.csv,0.044749638592068486
australia.csv,unpopularopinion.csv,0.04469738330336759
AskWomen.csv,Cooking.csv,0.04460536396603687
antiwork.csv,Minecraft.csv,0.04453429245361329
IAmA.csv,TrueOffMyChest.csv,0.04450553323955497
NoStupidQuestions.csv,TwoXChromosomes.csv,0.044476226492919935
anime.csv,CasualUK.csv,0.04438320559771103
sysadmin.csv,buildapc.csv,0.04426484836220401
techsupport.csv,leagueoflegends.csv,0.04424744547709547
todayilearned.csv,MaliciousCompliance.csv,0.044178135318333256
IAmA.csv,tifu.csv,0.044158950898546157
tifu.csv,baseball.csv,0.043883335844317806
australia.csv,Jokes.csv,0.04384451629896191
todayilearned.csv,TwoXChromosomes.csv,0.0437741154613327
IAmA.csv,AskReddit.csv,0.043676250292425944
todayilearned.csv,soccer.csv,0.04359842851723117
relationships.csv,unpopularopinion.csv,0.04358964137961674
leagueoflegends.csv,nfl.csv,0.043573316200232304
tifu.csv,teenagers.csv,0.043429121042023455
AskReddit.csv,apple.csv,0.043334945587009344
NoFap.csv,Jokes.csv,0.04331730183803406
relationships.csv,TwoXChromosomes.csv,0.043305718073995525
CryptoCurrency.csv,anime.csv,0.04327740812605407
soccer.csv,politics.csv,0.04324214205540611
news.csv,nba.csv,0.043238558998418886
LifeProTips.csv,Twitch.csv,0.0432383857577181
NoFap.csv,Cooking.csv,0.04316739735097286
sysadmin.csv,worldnews.csv,0.04316412070063658
movies.csv,anime.csv,0.04310617990003185
mildlyinteresting.csv,explainlikeimfive.csv,0.04307444796744375
antiwork.csv,TrueOffMyChest.csv,0.043039622728197835
leagueoflegends.csv,todayilearned.csv,0.04293496967069976
buildapc.csv,worldnews.csv,0.042882524252815024
Fitness.csv,unpopularopinion.csv,0.042719018488366456
mildlyinteresting.csv,soccer.csv,0.04267823165688267
sex.csv,TrueOffMyChest.csv,0.04262924226488707
Liberal.csv,TrueOffMyChest.csv,0.0426266147866502
copypasta.csv,worldnews.csv,0.042587912822970586
AskMen.csv,LifeProTips.csv,0.042490570418187934
askscience.csv,Cooking.csv,0.04246764777677914
TwoXChromosomes.csv,AskReddit.csv,0.04239323741680423
australia.csv,TwoXChromosomes.csv,0.04238110423615149
NoStupidQuestions.csv,Liberal.csv,0.04213705968511994
Liberal.csv,CasualUK.csv,0.042120197511056
MaliciousCompliance.csv,tifu.csv,0.04198503290188049
IAmA.csv,Fitness.csv,0.04196431312918847
antiwork.csv,baseball.csv,0.04181110640465324
soccer.csv,apple.csv,0.04179103556702557
anime.csv,politics.csv,0.041774058837000805
NoStupidQuestions.csv,NoFap.csv,0.041749000205890896
apple.csv,Fitness.csv,0.04173425029232425
IAmA.csv,apple.csv,0.04171265512046629
relationships.csv,Fitness.csv,0.041674837405622944
relationship_advice.csv,AmItheAsshole.csv,0.041636417438464024
sysadmin.csv,Fitness.csv,0.04159641885329424
NintendoSwitch.csv,explainlikeimfive.csv,0.041548407711959556
mildlyinteresting.csv,MensRights.csv,0.041374305374595854
TrueOffMyChest.csv,politics.csv,0.04133256635127924
news.csv,antiwork.csv,0.04129565771118948
sysadmin.csv,Games.csv,0.04115981030545934
MensRights.csv,sex.csv,0.04114467127157817
mildlyinteresting.csv,Cooking.csv,0.04109577796176289
leagueoflegends.csv,worldnews.csv,0.04107773158714756
FemaleDatingStrategy.csv,NintendoSwitch.csv,0.04105379165767631
sysadmin.csv,soccer.csv,0.04103021828940767
leagueoflegends.csv,soccer.csv,0.04098779094520977
MaliciousCompliance.csv,Games.csv,0.04097399375993571
Liberal.csv,copypasta.csv,0.04097272080958725
baseball.csv,worldnews.csv,0.04081224470099121
leagueoflegends.csv,politics.csv,0.04069507074441758
Minecraft.csv,apple.csv,0.040694491240348296
MaliciousCompliance.csv,Fitness.csv,0.04068711052815954
teenagers.csv,relationship_advice.csv,0.040653967660736035
AskMen.csv,Liberal.csv,0.04065332454710069
buildapc.csv,leagueoflegends.csv,0.04064014965059981
askscience.csv,AmItheAsshole.csv,0.04063430481482988
IAmA.csv,TwoXChromosomes.csv,0.040580516427204394
news.csv,LifeProTips.csv,0.04053791688529762
sysadmin.csv,nfl.csv,0.04053549930445566
Games.csv,nfl.csv,0.04043795404507278
sysadmin.csv,explainlikeimfive.csv,0.04043549895398035
Cooking.csv,AskReddit.csv,0.040407141173356864
AskMen.csv,explainlikeimfive.csv,0.040363584807482145
Jokes.csv,explainlikeimfive.csv,0.04029950822788175
MensRights.csv,anime.csv,0.04028604627033161
TrueOffMyChest.csv,Fitness.csv,0.04016342483519564
worldnews.csv,anime.csv,0.0401248098914746
TrueOffMyChest.csv,Jokes.csv,0.04001891338209229
askscience.csv,soccer.csv,0.03987779535875613
NoFap.csv,nba.csv,0.0398473998241623
AskMen.csv,CasualUK.csv,0.039779974830672304
NintendoSwitch.csv,baseball.csv,0.039713761864801356
Minecraft.csv,nba.csv,0.03971211733077595
AskMen.csv,Fitness.csv,0.03969584794651282
sysadmin.csv,personalfinance.csv,0.039671857026483126
movies.csv,TrueOffMyChest.csv,0.03964458150221706
Cooking.csv,NintendoSwitch.csv,0.039564643939538735
CryptoCurrency.csv,relationship_advice.csv,0.0395524168883874
MaliciousCompliance.csv,MensRights.csv,0.03941247669958681
australia.csv,Cooking.csv,0.0394122777135657
leagueoflegends.csv,CasualUK.csv,0.039395132990148296
news.csv,Fitness.csv,0.03934971224431383
movies.csv,Conservative.csv,0.03929552847735063
baseball.csv,explainlikeimfive.csv,0.03917768159252488
leagueoflegends.csv,Minecraft.csv,0.039159745162213544
personalfinance.csv,Conservative.csv,0.03899447609213069
relationships.csv,tifu.csv,0.03888679224858038
movies.csv,TwoXChromosomes.csv,0.038849912610740556
AskWomen.csv,relationship_advice.csv,0.038820799640510995
australia.csv,apple.csv,0.038769251920752756
Jokes.csv,apple.csv,0.03873176806317569
buildapc.csv,nba.csv,0.03865174090224599
teenagers.csv,anime.csv,0.038605668169459095
australia.csv,nba.csv,0.038592125353758666
techsupport.csv,teenagers.csv,0.0385810568313627
todayilearned.csv,FemaleDatingStrategy.csv,0.038535640505488744
NoStupidQuestions.csv,relationships.csv,0.03822619551626505
news.csv,relationship_advice.csv,0.03816128787843387
IAmA.csv,AskWomen.csv,0.03810885064237157
australia.csv,explainlikeimfive.csv,0.03796944236482214
techsupport.csv,CryptoCurrency.csv,0.037963927101851924
relationships.csv,news.csv,0.037879902590657544
NoFap.csv,CryptoCurrency.csv,0.03786992666662892
australia.csv,Games.csv,0.03786399128156326
Minecraft.csv,Twitch.csv,0.03782977237988494
tifu.csv,AmItheAsshole.csv,0.03779446746270343
mildlyinteresting.csv,personalfinance.csv,0.03774087863466857
NoFap.csv,tifu.csv,0.037731659828602826
AskReddit.csv,nfl.csv,0.037722427931070945
IAmA.csv,AgainstHateSubreddits.csv,0.037624552513805476
worldnews.csv,nba.csv,0.03762244361404243
mildlyinteresting.csv,NintendoSwitch.csv,0.03749988318926467
TwoXChromosomes.csv,Conservative.csv,0.03744758251057767
sex.csv,Fitness.csv,0.037429754791218905
Games.csv,nba.csv,0.03742364511826468
AskWomen.csv,tifu.csv,0.03742216806049048
movies.csv,Minecraft.csv,0.03740849381364608
worldnews.csv,AmItheAsshole.csv,0.0374027024281256
antiwork.csv,CryptoCurrency.csv,0.03734720091509536
AskWomen.csv,TwoXChromosomes.csv,0.03725914181025658
nba.csv,unpopularopinion.csv,0.037239763823390226
Piracy.csv,tifu.csv,0.037204806320685235
NoStupidQuestions.csv,anime.csv,0.03714732033282031
CryptoCurrency.csv,AskReddit.csv,0.037135144569206746
australia.csv,personalfinance.csv,0.03712225379045053
sex.csv,TwoXChromosomes.csv,0.037068945493644034
anime.csv,nba.csv,0.037046478043954
MaliciousCompliance.csv,AmItheAsshole.csv,0.03701342648011996
AskMen.csv,worldnews.csv,0.036969571534125056
MensRights.csv,unpopularopinion.csv,0.03695704622178542
teenagers.csv,Jokes.csv,0.036822329349670335
Minecraft.csv,australia.csv,0.036806370433354885
soccer.csv,Games.csv,0.03680394781140994
Games.csv,politics.csv,0.03672156220792666
news.csv,copypasta.csv,0.036711778736788436
askscience.csv,sex.csv,0.036675733173436975
Piracy.csv,explainlikeimfive.csv,0.036589955804873675
MaliciousCompliance.csv,australia.csv,0.03658393045286501
sysadmin.csv,NoFap.csv,0.03652864050232152
leagueoflegends.csv,unpopularopinion.csv,0.03650273225521561
sex.csv,Twitch.csv,0.03649673891002814
NoFap.csv,australia.csv,0.036484897065501065
techsupport.csv,copypasta.csv,0.036482414643820404
sex.csv,teenagers.csv,0.036423271620554476
news.csv,personalfinance.csv,0.036376955401344
NoFap.csv,MensRights.csv,0.036341708396072314
teenagers.csv,Cooking.csv,0.03608096421447882
MaliciousCompliance.csv,FemaleDatingStrategy.csv,0.03606118516436807
NintendoSwitch.csv,nfl.csv,0.03598424570412084
todayilearned.csv,teenagers.csv,0.03597126860218225
AskMen.csv,australia.csv,0.035899912724957184
todayilearned.csv,Fitness.csv,0.0358742544876367
teenagers.csv,LifeProTips.csv,0.035859597307444147
Games.csv,AskReddit.csv,0.035747254958587216
sysadmin.csv,mildlyinteresting.csv,0.03573242905347562
nfl.csv,Conservative.csv,0.0357281343328163
news.csv,FemaleDatingStrategy.csv,0.0356267617427779
TwoXChromosomes.csv,anime.csv,0.035577324635044816
AskWomen.csv,australia.csv,0.03556053210107135
sysadmin.csv,NintendoSwitch.csv,0.03554444129692158
copypasta.csv,Fitness.csv,0.03550027395923627
australia.csv,relationship_advice.csv,0.035452591440147785
Minecraft.csv,nfl.csv,0.035443144821554085
NintendoSwitch.csv,Conservative.csv,0.035416085633060534
australia.csv,AmItheAsshole.csv,0.035323774291563415
relationships.csv,australia.csv,0.035279920353869954
Games.csv,CasualUK.csv,0.03524839390494294
MaliciousCompliance.csv,LifeProTips.csv,0.03522560212779491
NoStupidQuestions.csv,australia.csv,0.03519554229727884
AskMen.csv,Twitch.csv,0.03509016052573288
personalfinance.csv,nfl.csv,0.0350239148449506
MaliciousCompliance.csv,Jokes.csv,0.0349672191508561
tifu.csv,anime.csv,0.03493548850187311
tifu.csv,Twitch.csv,0.03491740816465516
copypasta.csv,unpopularopinion.csv,0.03486893910753919
teenagers.csv,nfl.csv,0.03484801303775609
apple.csv,CasualUK.csv,0.03470638937519266
leagueoflegends.csv,Liberal.csv,0.03470182063824523
relationships.csv,MensRights.csv,0.03467980941352211
tifu.csv,LifeProTips.csv,0.03467317744497711
relationships.csv,movies.csv,0.03461411781925683
IAmA.csv,LifeProTips.csv,0.03459382835167879
IAmA.csv,buildapc.csv,0.03453373008794858
MaliciousCompliance.csv,worldnews.csv,0.034511460070236755
techsupport.csv,nba.csv,0.03444330381711125
copypasta.csv,apple.csv,0.03442657523349257
MaliciousCompliance.csv,AskReddit.csv,0.034417058904418485
MaliciousCompliance.csv,NintendoSwitch.csv,0.03437921063141536
NoFap.csv,Games.csv,0.034195799554254
teenagers.csv,baseball.csv,0.03419209472343354
LifeProTips.csv,baseball.csv,0.03419154171092009
Jokes.csv,worldnews.csv,0.034178728768857525
IAmA.csv,Jokes.csv,0.03417049293721586
baseball.csv,Jokes.csv,0.034163300164363086
relationship_advice.csv,politics.csv,0.03415323485976718
australia.csv,CryptoCurrency.csv,0.034127766358768574
NoFap.csv,NintendoSwitch.csv,0.034093143841804174
mildlyinteresting.csv,copypasta.csv,0.034074002773835876
NoStupidQuestions.csv,Games.csv,0.03405399873282544
movies.csv,AskMen.csv,0.034024013421281696
AmItheAsshole.csv,explainlikeimfive.csv,0.033938502481624
teenagers.csv,explainlikeimfive.csv,0.03391204889309363
AskWomen.csv,explainlikeimfive.csv,0.0339035390768152
CasualUK.csv,explainlikeimfive.csv,0.033895209893363476
relationships.csv,Minecraft.csv,0.03388754232190383
relationships.csv,teenagers.csv,0.03381506417771096
relationships.csv,mildlyinteresting.csv,0.033731421012326956
IAmA.csv,AskMen.csv,0.03367794683988823
copypasta.csv,Cooking.csv,0.03366795966107572
MensRights.csv,teenagers.csv,0.03364470734491698
teenagers.csv,CryptoCurrency.csv,0.03361176512437558
Minecraft.csv,CasualUK.csv,0.03353759961678937
Games.csv,worldnews.csv,0.03350974269059226
news.csv,tifu.csv,0.03347910647185082
FemaleDatingStrategy.csv,baseball.csv,0.03347287243606856
tifu.csv,TwoXChromosomes.csv,0.033327974275634054
Cooking.csv,LifeProTips.csv,0.033291095332110165
CryptoCurrency.csv,personalfinance.csv,0.03322464243312573
IAmA.csv,baseball.csv,0.03319306181071835
leagueoflegends.csv,MensRights.csv,0.03307530564389616
leagueoflegends.csv,explainlikeimfive.csv,0.033068076527775436
techsupport.csv,LifeProTips.csv,0.033050596644943586
TwoXChromosomes.csv,nfl.csv,0.03296590530436794
NoStupidQuestions.csv,AmItheAsshole.csv,0.03283646770335147
sysadmin.csv,Jokes.csv,0.03283384615328644
sysadmin.csv,anime.csv,0.03280877517633196
Piracy.csv,AskReddit.csv,0.03280252498685399
askscience.csv,Piracy.csv,0.03276068445164304
techsupport.csv,mildlyinteresting.csv,0.032756630910106166
todayilearned.csv,AmItheAsshole.csv,0.03275660618925946
MensRights.csv,australia.csv,0.032700634248560845
leagueoflegends.csv,australia.csv,0.032682331216637994
buildapc.csv,AskReddit.csv,0.03267717454165786
FemaleDatingStrategy.csv,Jokes.csv,0.03264836289793316
tifu.csv,politics.csv,0.03251091005949236
Piracy.csv,CryptoCurrency.csv,0.03249690122848048
LifeProTips.csv,Fitness.csv,0.03248966388674823
NoFap.csv,AmItheAsshole.csv,0.03245391508349804
buildapc.csv,politics.csv,0.032450236871370164
todayilearned.csv,NintendoSwitch.csv,0.03241084465757027
Piracy.csv,NintendoSwitch.csv,0.032390436586302696
Piracy.csv,Conservative.csv,0.03238792917297151
leagueoflegends.csv,sex.csv,0.03237853583483086
AskReddit.csv,worldnews.csv,0.03236820970131349
Games.csv,baseball.csv,0.032316938326449884
AgainstHateSubreddits.csv,AmItheAsshole.csv,0.032306317662582185
buildapc.csv,nfl.csv,0.032254670604854874
leagueoflegends.csv,LifeProTips.csv,0.032220418321705746
MensRights.csv,tifu.csv,0.032159035508241285
movies.csv,AmItheAsshole.csv,0.0321287906906812
baseball.csv,anime.csv,0.03208824256470466
LifeProTips.csv,relationship_advice.csv,0.032037152806851266
sysadmin.csv,unpopularopinion.csv,0.03196851268406742
NintendoSwitch.csv,politics.csv,0.03187911219934669
personalfinance.csv,CasualUK.csv,0.03181335696343912
AskReddit.csv,nba.csv,0.03176115693456327
MensRights.csv,CryptoCurrency.csv,0.0317369201633535
CryptoCurrency.csv,CasualUK.csv,0.031670678432080046
tifu.csv,Jokes.csv,0.031601317905187054
AskMen.csv,personalfinance.csv,0.03159147010619956
IAmA.csv,Games.csv,0.03158971775393571
tifu.csv,relationship_advice.csv,0.03158431134055428
IAmA.csv,sysadmin.csv,0.031503715314369574
movies.csv,relationship_advice.csv,0.03147169552844087
personalfinance.csv,unpopularopinion.csv,0.031433126557765645
Minecraft.csv,LifeProTips.csv,0.03140246583315842
Liberal.csv,personalfinance.csv,0.03138800371373551
worldnews.csv,relationship_advice.csv,0.03136864688229468
relationships.csv,apple.csv,0.03134197461680255
movies.csv,Jokes.csv,0.03130583227085604
news.csv,AmItheAsshole.csv,0.03127574745515038
MensRights.csv,Minecraft.csv,0.03127232333978336
Piracy.csv,AmItheAsshole.csv,0.031269504595597075
AskReddit.csv,CasualUK.csv,0.031257313972887
FemaleDatingStrategy.csv,personalfinance.csv,0.031170571588981066
FemaleDatingStrategy.csv,Cooking.csv,0.0311471464770694
techsupport.csv,Piracy.csv,0.031107149822369284
Piracy.csv,MaliciousCompliance.csv,0.031090185562082095
NintendoSwitch.csv,relationship_advice.csv,0.03105237078227041
IAmA.csv,soccer.csv,0.031001127381241056
movies.csv,CryptoCurrency.csv,0.030981877770269506
antiwork.csv,CasualUK.csv,0.03096646954496307
NoFap.csv,nfl.csv,0.03085206907385596
IAmA.csv,politics.csv,0.030778977924400763
baseball.csv,Twitch.csv,0.030728822449833215
australia.csv,NintendoSwitch.csv,0.03071910611052664
MensRights.csv,AskMen.csv,0.030711794918102386
sysadmin.csv,NoStupidQuestions.csv,0.03069100250824308
AskReddit.csv,Twitch.csv,0.03068147645515973
Piracy.csv,Fitness.csv,0.030636303996439795
relationships.csv,NintendoSwitch.csv,0.03060123878946397
NoStupidQuestions.csv,CasualUK.csv,0.0305729690562051
CryptoCurrency.csv,politics.csv,0.030537205657862
IAmA.csv,movies.csv,0.030491280852455338
buildapc.csv,CryptoCurrency.csv,0.030490046451999153
AskWomen.csv,soccer.csv,0.030488193403179986
CryptoCurrency.csv,nba.csv,0.030456941694793738
Piracy.csv,anime.csv,0.030427566815258045
FemaleDatingStrategy.csv,unpopularopinion.csv,0.030398946193225584
todayilearned.csv,relationship_advice.csv,0.03035317106722213
TrueOffMyChest.csv,anime.csv,0.030340374510871237
movies.csv,sex.csv,0.03033755737973609
tifu.csv,apple.csv,0.030313781025668285
todayilearned.csv,NoFap.csv,0.030240393943431476
AskWomen.csv,nfl.csv,0.030168791973258946
TwoXChromosomes.csv,CasualUK.csv,0.030139015044787665
movies.csv,NoFap.csv,0.030096331359181328
AskWomen.csv,buildapc.csv,0.0299868160438993
Cooking.csv,Jokes.csv,0.029975427146508582
techsupport.csv,CasualUK.csv,0.029940417172269806
Fitness.csv,AmItheAsshole.csv,0.029816669320293032
relationships.csv,anime.csv,0.029800113867812783
buildapc.csv,antiwork.csv,0.029761439368394482
IAmA.csv,CasualUK.csv,0.02973428032998504
IAmA.csv,leagueoflegends.csv,0.029694964199810325
sysadmin.csv,nba.csv,0.029678704447864024
todayilearned.csv,AgainstHateSubreddits.csv,0.02959433395825084
IAmA.csv,AmItheAsshole.csv,0.029527351666815083
sex.csv,relationship_advice.csv,0.02945708183301654
teenagers.csv,Twitch.csv,0.029431713492384604
sex.csv,Jokes.csv,0.029420042100066546
relationships.csv,todayilearned.csv,0.02938245261179928
buildapc.csv,anime.csv,0.029358772580887704
TwoXChromosomes.csv,Fitness.csv,0.029340534266534823
relationships.csv,politics.csv,0.029315746232031703
personalfinance.csv,AmItheAsshole.csv,0.029274949843779097
techsupport.csv,australia.csv,0.02925993400706517
movies.csv,Fitness.csv,0.02920551451369413
soccer.csv,relationship_advice.csv,0.029168595379250428
NintendoSwitch.csv,LifeProTips.csv,0.029038940291170046
LifeProTips.csv,CasualUK.csv,0.02903744185191548
NintendoSwitch.csv,worldnews.csv,0.029031657558541646
tifu.csv,Cooking.csv,0.028977332973551095
LifeProTips.csv,apple.csv,0.028903506400821954
movies.csv,tifu.csv,0.028845173846028138
leagueoflegends.csv,copypasta.csv,0.028776496804371554
techsupport.csv,Liberal.csv,0.028749823229628046
todayilearned.csv,Cooking.csv,0.028733201152326804
nfl.csv,unpopularopinion.csv,0.028715088858143112
sex.csv,LifeProTips.csv,0.028703785152173866
tifu.csv,CryptoCurrency.csv,0.02861165780578312
buildapc.csv,apple.csv,0.028607460929492512
leagueoflegends.csv,AskReddit.csv,0.028598388367747196
sysadmin.csv,leagueoflegends.csv,0.02852384585801704
MensRights.csv,NintendoSwitch.csv,0.028514958782491884
relationships.csv,Cooking.csv,0.028475637853027203
Games.csv,anime.csv,0.02846167756142648
todayilearned.csv,nfl.csv,0.028423313025822017
leagueoflegends.csv,relationship_advice.csv,0.02838990055444035
Games.csv,AmItheAsshole.csv,0.028376197877309273
sysadmin.csv,AmItheAsshole.csv,0.028201536882455747
IAmA.csv,Cooking.csv,0.02818635790013746
MensRights.csv,Twitch.csv,0.028151109793762785
IAmA.csv,nba.csv,0.028145812261971215
sysadmin.csv,FemaleDatingStrategy.csv,0.028044816125762928
askscience.csv,TwoXChromosomes.csv,0.028010004739950523
MensRights.csv,Games.csv,0.028002866860591058
NoStupidQuestions.csv,nba.csv,0.02795956380482645
MensRights.csv,nba.csv,0.02788083870532443
relationships.csv,sex.csv,0.027811047772882458
anime.csv,Twitch.csv,0.027786818897930998
TrueOffMyChest.csv,worldnews.csv,0.02775940828606327
techsupport.csv,buildapc.csv,0.027724635771447126
Jokes.csv,Fitness.csv,0.027719671920334754
Games.csv,explainlikeimfive.csv,0.027680437256576096
TwoXChromosomes.csv,Cooking.csv,0.027644364854090275
MensRights.csv,TrueOffMyChest.csv,0.027636341803670916
news.csv,NoFap.csv,0.02763218946466428
leagueoflegends.csv,tifu.csv,0.02759621891790298
buildapc.csv,NoFap.csv,0.027563377225533148
copypasta.csv,TrueOffMyChest.csv,0.02756163187586269
baseball.csv,relationship_advice.csv,0.027467111859113325
NoStupidQuestions.csv,Minecraft.csv,0.027444842139695447
unpopularopinion.csv,CasualUK.csv,0.02742204274956428
antiwork.csv,relationship_advice.csv,0.02737013120625309
tifu.csv,explainlikeimfive.csv,0.02732576889797922
Piracy.csv,soccer.csv,0.027301886765518923
TwoXChromosomes.csv,AmItheAsshole.csv,0.02729631608616312
LifeProTips.csv,CryptoCurrency.csv,0.027288179231843457
personalfinance.csv,apple.csv,0.027155938919445344
relationships.csv,baseball.csv,0.027134586768349123
LifeProTips.csv,Jokes.csv,0.02712978031439195
LifeProTips.csv,nfl.csv,0.027004389330948175
AskWomen.csv,Liberal.csv,0.026975950917218605
baseball.csv,Fitness.csv,0.026951598815262656
sysadmin.csv,TwoXChromosomes.csv,0.026921372042364777
politics.csv,unpopularopinion.csv,0.02684995839757809
tifu.csv,australia.csv,0.0267945989721462
antiwork.csv,TwoXChromosomes.csv,0.026755141282763018
copypasta.csv,Jokes.csv,0.026725521423267895
news.csv,AgainstHateSubreddits.csv,0.026707675682163368
sysadmin.csv,AskMen.csv,0.026663318798794133
movies.csv,politics.csv,0.026569396266245326
apple.csv,Conservative.csv,0.02656390358271643
NoStupidQuestions.csv,nfl.csv,0.026535562774039678
MensRights.csv,soccer.csv,0.02649029097754818
leagueoflegends.csv,FemaleDatingStrategy.csv,0.02648546357192838
teenagers.csv,apple.csv,0.026456352115410198
MaliciousCompliance.csv,soccer.csv,0.026453941817180082
soccer.csv,explainlikeimfive.csv,0.02644837470704897
techsupport.csv,NoFap.csv,0.026308181881482207
buildapc.csv,todayilearned.csv,0.026291427646733978
leagueoflegends.csv,teenagers.csv,0.026279796434879765
IAmA.csv,relationship_advice.csv,0.026270321411039577
IAmA.csv,sex.csv,0.02622168484641252
personalfinance.csv,AgainstHateSubreddits.csv,0.026215218452411593
Fitness.csv,nba.csv,0.026182197911973404
Cooking.csv,nfl.csv,0.02616319163189884
NoStupidQuestions.csv,personalfinance.csv,0.026153097459725938
sysadmin.csv,AskReddit.csv,0.02614785859010449
relationship_advice.csv,explainlikeimfive.csv,0.026075655555234944
sex.csv,AmItheAsshole.csv,0.02604945469098796
buildapc.csv,Games.csv,0.02603610223420516
baseball.csv,AmItheAsshole.csv,0.026013437902501546
MaliciousCompliance.csv,baseball.csv,0.025953538530421705
antiwork.csv,Conservative.csv,0.02592505644773313
askscience.csv,copypasta.csv,0.025806246406422595
sex.csv,NintendoSwitch.csv,0.02579059797352312
movies.csv,australia.csv,0.025789683827796228
buildapc.csv,Twitch.csv,0.02574703581991611
relationships.csv,personalfinance.csv,0.025685572263760337
Twitch.csv,politics.csv,0.025658578158152978
Cooking.csv,politics.csv,0.02550836391297806
MaliciousCompliance.csv,politics.csv,0.025472038864362556
MaliciousCompliance.csv,nfl.csv,0.025440571651068944
relationships.csv,nfl.csv,0.025403611651580338
FemaleDatingStrategy.csv,Conservative.csv,0.025355731973111473
todayilearned.csv,personalfinance.csv,0.025322412982377585
NoStupidQuestions.csv,movies.csv,0.025241514200079362
todayilearned.csv,Minecraft.csv,0.025212790559926868
NoStupidQuestions.csv,buildapc.csv,0.025205903093426407
NoFap.csv,Conservative.csv,0.02518819837184283
LifeProTips.csv,nba.csv,0.02514247740626252
news.csv,teenagers.csv,0.02508432764129742
baseball.csv,unpopularopinion.csv,0.025078059455815316
askscience.csv,TrueOffMyChest.csv,0.025016522706838518
soccer.csv,LifeProTips.csv,0.02500988874723087
movies.csv,AgainstHateSubreddits.csv,0.024968004122509324
antiwork.csv,Jokes.csv,0.02496085561410699
relationships.csv,MaliciousCompliance.csv,0.02488477451960769
buildapc.csv,Piracy.csv,0.024855094749792306
askscience.csv,AskReddit.csv,0.024816300384356227
CryptoCurrency.csv,nfl.csv,0.024814491038679498
todayilearned.csv,copypasta.csv,0.0247283998481852
sysadmin.csv,Cooking.csv,0.02465473150178521
IAmA.csv,Liberal.csv,0.02462222719090723
tifu.csv,sex.csv,0.024569524362410777
NoFap.csv,Fitness.csv,0.024541526469409325
sysadmin.csv,LifeProTips.csv,0.024337894879543742
Cooking.csv,CryptoCurrency.csv,0.024281960445996842
sysadmin.csv,MaliciousCompliance.csv,0.024272945643736388
TrueOffMyChest.csv,apple.csv,0.02424165690280511
relationships.csv,CasualUK.csv,0.02420512690976062
sysadmin.csv,Liberal.csv,0.02419962478256088
todayilearned.csv,CryptoCurrency.csv,0.024161823949264027
leagueoflegends.csv,AmItheAsshole.csv,0.024151887485290513
Games.csv,Fitness.csv,0.02413131661494361
nfl.csv,relationship_advice.csv,0.024111062793726767
techsupport.csv,personalfinance.csv,0.024072183616335008
buildapc.csv,tifu.csv,0.02405703357547606
LifeProTips.csv,Conservative.csv,0.02399102066950154
relationships.csv,LifeProTips.csv,0.023965227448454307
sex.csv,anime.csv,0.02391714509674625
anime.csv,AmItheAsshole.csv,0.023907895993040107
Piracy.csv,Jokes.csv,0.02383557462825614
anime.csv,Fitness.csv,0.023675738824915138
AskMen.csv,unpopularopinion.csv,0.023588956034376052
Games.csv,LifeProTips.csv,0.023479422244446435
techsupport.csv,todayilearned.csv,0.023433810326475735
AskWomen.csv,Fitness.csv,0.02331103821247016
personalfinance.csv,relationship_advice.csv,0.02329999685289308
todayilearned.csv,Conservative.csv,0.023134623116666475
AskWomen.csv,mildlyinteresting.csv,0.023107718341542904
NintendoSwitch.csv,CryptoCurrency.csv,0.02307340475255959
sex.csv,soccer.csv,0.023052338357446356
NintendoSwitch.csv,AskReddit.csv,0.022956047844511107
soccer.csv,teenagers.csv,0.02295541022601888
mildlyinteresting.csv,relationship_advice.csv,0.022865885397280517
nfl.csv,AgainstHateSubreddits.csv,0.02278661907025148
CryptoCurrency.csv,Conservative.csv,0.022785296250839138
AgainstHateSubreddits.csv,nba.csv,0.022755278953577318
NoFap.csv,TwoXChromosomes.csv,0.022730373240782087
sysadmin.csv,relationship_advice.csv,0.022684197073353785
NoFap.csv,Liberal.csv,0.02257566898132446
Conservative.csv,nba.csv,0.022540949057386683
askscience.csv,CasualUK.csv,0.02253471922578898
todayilearned.csv,Games.csv,0.022530325797947115
movies.csv,MaliciousCompliance.csv,0.022494729286817727
TwoXChromosomes.csv,relationship_advice.csv,0.02249203483589357
NoFap.csv,unpopularopinion.csv,0.02245038414441536
FemaleDatingStrategy.csv,CasualUK.csv,0.022441926929253286
Jokes.csv,relationship_advice.csv,0.022432570387115436
AmItheAsshole.csv,CasualUK.csv,0.022422480606728024
NoFap.csv,soccer.csv,0.022322475776077932
AskWomen.csv,Games.csv,0.02227769519198486
antiwork.csv,Liberal.csv,0.0222754702958754
FemaleDatingStrategy.csv,nba.csv,0.02221172395965787
leagueoflegends.csv,personalfinance.csv,0.02219192784578894
buildapc.csv,baseball.csv,0.022116595353088297
anime.csv,unpopularopinion.csv,0.022110130238226833
NoStupidQuestions.csv,sex.csv,0.02209562861679837
nba.csv,explainlikeimfive.csv,0.022048388150684217
TwoXChromosomes.csv,NintendoSwitch.csv,0.0220115896204518
worldnews.csv,unpopularopinion.csv,0.021901113713692633
Fitness.csv,relationship_advice.csv,0.02188180058314626
Cooking.csv,baseball.csv,0.02185761974151168
tifu.csv,worldnews.csv,0.02184348908645506
Jokes.csv,Twitch.csv,0.02180922919452033
mildlyinteresting.csv,Twitch.csv,0.0218082454493137
AskMen.csv,nfl.csv,0.021773398701835367
relationships.csv,Twitch.csv,0.021714196796914775
leagueoflegends.csv,CryptoCurrency.csv,0.021619516453011633
relationships.csv,leagueoflegends.csv,0.021609976670700082
Minecraft.csv,unpopularopinion.csv,0.02160704120485235
sysadmin.csv,Twitch.csv,0.021562577607655453
askscience.csv,NoStupidQuestions.csv,0.021555492983281077
Games.csv,CryptoCurrency.csv,0.021544137746467018
NintendoSwitch.csv,personalfinance.csv,0.02147754655066425
leagueoflegends.csv,TwoXChromosomes.csv,0.02140529369481936
askscience.csv,FemaleDatingStrategy.csv,0.021385420891815166
teenagers.csv,AgainstHateSubreddits.csv,0.02131067192208913
relationships.csv,Conservative.csv,0.02130815988629986
CryptoCurrency.csv,explainlikeimfive.csv,0.02123078224257635
IAmA.csv,Minecraft.csv,0.021226335521570938
leagueoflegends.csv,Jokes.csv,0.021204369667501277
askscience.csv,LifeProTips.csv,0.021045888080873265
nfl.csv,explainlikeimfive.csv,0.02100142723888465
TwoXChromosomes.csv,LifeProTips.csv,0.020990921799530327
IAmA.csv,Conservative.csv,0.020990500957198677
FemaleDatingStrategy.csv,tifu.csv,0.02087711235259615
TrueOffMyChest.csv,AgainstHateSubreddits.csv,0.020867573119069616
teenagers.csv,NintendoSwitch.csv,0.02083768503482264
soccer.csv,anime.csv,0.020835855661587077
soccer.csv,TwoXChromosomes.csv,0.020816268524323722
relationships.csv,soccer.csv,0.020736354444258476
FemaleDatingStrategy.csv,AskReddit.csv,0.02053635840364121
buildapc.csv,MensRights.csv,0.02047404919503193
AmItheAsshole.csv,politics.csv,0.020349515747867364
Games.csv,AgainstHateSubreddits.csv,0.02028957393284836
mildlyinteresting.csv,CryptoCurrency.csv,0.020231783677386206
Jokes.csv,Conservative.csv,0.020210779307531568
sex.csv,copypasta.csv,0.020209421611236733
MaliciousCompliance.csv,explainlikeimfive.csv,0.02018949101057277
baseball.csv,Conservative.csv,0.02013994804558039
copypasta.csv,politics.csv,0.020122284550033176
personalfinance.csv,baseball.csv,0.020102554969305797
Liberal.csv,AgainstHateSubreddits.csv,0.020043694723607564
techsupport.csv,Jokes.csv,0.01995021598501745
AskMen.csv,NintendoSwitch.csv,0.01993503570902444
IAmA.csv,relationships.csv,0.01990486814777248
Minecraft.csv,anime.csv,0.019904001383370118
askscience.csv,Minecraft.csv,0.019825187272231815
relationships.csv,copypasta.csv,0.01979830762734236
techsupport.csv,tifu.csv,0.01979024180043676
soccer.csv,Jokes.csv,0.01978436077473833
askscience.csv,anime.csv,0.019768173596426353
FemaleDatingStrategy.csv,soccer.csv,0.019732102410540242
baseball.csv,CasualUK.csv,0.019722747809377883
tifu.csv,NintendoSwitch.csv,0.019705678562563
FemaleDatingStrategy.csv,Fitness.csv,0.019700929010001866
soccer.csv,Fitness.csv,0.01969183456561907
australia.csv,Conservative.csv,0.01964108310859869
MaliciousCompliance.csv,relationship_advice.csv,0.019598010903528307
AgainstHateSubreddits.csv,politics.csv,0.019587155850345872
Jokes.csv,anime.csv,0.019553488432191735
Fitness.csv,politics.csv,0.019546783953416802
buildapc.csv,NintendoSwitch.csv,0.01951007792601145
techsupport.csv,baseball.csv,0.01950405806149691
tifu.csv,nba.csv,0.019492842780883257
TwoXChromosomes.csv,apple.csv,0.0194833404793745
askscience.csv,australia.csv,0.019472939507623743
antiwork.csv,Cooking.csv,0.019471651587090966
askscience.csv,NintendoSwitch.csv,0.019430254232160493
buildapc.csv,sex.csv,0.01939067331333144
Piracy.csv,sex.csv,0.01935727138638277
IAmA.csv,anime.csv,0.019222063003084378
antiwork.csv,unpopularopinion.csv,0.01914225102811773
todayilearned.csv,anime.csv,0.01912731037032611
LifeProTips.csv,anime.csv,0.01906142684946399
movies.csv,unpopularopinion.csv,0.01902621783888514
buildapc.csv,Jokes.csv,0.018854391670587778
Conservative.csv,politics.csv,0.018845091981771867
NoStupidQuestions.csv,LifeProTips.csv,0.01883496585561928
techsupport.csv,TwoXChromosomes.csv,0.018805976585996698
Minecraft.csv,Conservative.csv,0.018785466161315933
MensRights.csv,TwoXChromosomes.csv,0.01875190360749368
personalfinance.csv,TrueOffMyChest.csv,0.018662935032018657
techsupport.csv,soccer.csv,0.01862005685186341
askscience.csv,MaliciousCompliance.csv,0.018617663677900298
Games.csv,relationship_advice.csv,0.01852358779059804
NoStupidQuestions.csv,copypasta.csv,0.018523341769918544
politics.csv,explainlikeimfive.csv,0.01849444928891386
AskReddit.csv,anime.csv,0.018490200899736076
IAmA.csv,MensRights.csv,0.018472760748335926
MaliciousCompliance.csv,anime.csv,0.01846923599657746
Cooking.csv,worldnews.csv,0.01846241351428657
movies.csv,antiwork.csv,0.018424685795347173
askscience.csv,relationships.csv,0.018369099628314456
tifu.csv,soccer.csv,0.018354921620994835
relationships.csv,Piracy.csv,0.01833765086133654
CryptoCurrency.csv,AgainstHateSubreddits.csv,0.018314135490634542
tifu.csv,personalfinance.csv,0.018238291046851485
Games.csv,Conservative.csv,0.018214876036913852
IAmA.csv,CryptoCurrency.csv,0.018196911594552945
askscience.csv,CryptoCurrency.csv,0.01812986518256432
MensRights.csv,personalfinance.csv,0.0181236122333005
AskWomen.csv,askscience.csv,0.01806957013485566
Jokes.csv,nba.csv,0.018020810929577524
sex.csv,baseball.csv,0.01794144663635855
nba.csv,politics.csv,0.01779485891997734
Piracy.csv,personalfinance.csv,0.01777377401759872
AgainstHateSubreddits.csv,anime.csv,0.017444706789795816
Minecraft.csv,tifu.csv,0.017390679463559988
mildlyinteresting.csv,nba.csv,0.017321944612443962
todayilearned.csv,sex.csv,0.017274399799501516
copypasta.csv,Twitch.csv,0.01717766626177919
techsupport.csv,news.csv,0.017169062642686028
soccer.csv,NintendoSwitch.csv,0.017168670505299355
NoStupidQuestions.csv,soccer.csv,0.017099474941911885
antiwork.csv,sex.csv,0.01709491821746678
buildapc.csv,soccer.csv,0.01703250588474492
TwoXChromosomes.csv,CryptoCurrency.csv,0.01701400231308292
IAmA.csv,MaliciousCompliance.csv,0.016963567450174133
Minecraft.csv,AgainstHateSubreddits.csv,0.01691066365534455
Piracy.csv,nba.csv,0.016893550119058243
tifu.csv,Games.csv,0.01684898421681358
AskMen.csv,apple.csv,0.016814968239957984
IAmA.csv,personalfinance.csv,0.016780375049559315
copypasta.csv,CasualUK.csv,0.016767809143851786
movies.csv,MensRights.csv,0.01674982584325846
relationship_advice.csv,nba.csv,0.016689128745732473
NintendoSwitch.csv,CasualUK.csv,0.016610617141212147
techsupport.csv,sex.csv,0.016602064037620323
Cooking.csv,TrueOffMyChest.csv,0.016253993102750774
australia.csv,Twitch.csv,0.01624823706184575
askscience.csv,Games.csv,0.016201971835922424
buildapc.csv,LifeProTips.csv,0.016186983001721278
news.csv,CryptoCurrency.csv,0.016186793182096704
Minecraft.csv,explainlikeimfive.csv,0.01617613198025969
techsupport.csv,NoStupidQuestions.csv,0.016078904597086052
TwoXChromosomes.csv,nba.csv,0.016011639917413945
MensRights.csv,Jokes.csv,0.016008749375733045
soccer.csv,AmItheAsshole.csv,0.01596391886967863
mildlyinteresting.csv,nfl.csv,0.015934610088026768
antiwork.csv,Twitch.csv,0.01587921090490474
Liberal.csv,NintendoSwitch.csv,0.015864922293201134
soccer.csv,unpopularopinion.csv,0.015811512961390273
sex.csv,politics.csv,0.015793868384701204
FemaleDatingStrategy.csv,worldnews.csv,0.01576141921947316
buildapc.csv,australia.csv,0.015711996153636165
IAmA.csv,NoFap.csv,0.015687865822860636
relationships.csv,AgainstHateSubreddits.csv,0.015552637058755314
Games.csv,Jokes.csv,0.01553836527125585
relationships.csv,Jokes.csv,0.015523092265700478
copypasta.csv,AskReddit.csv,0.015519123236592436
copypasta.csv,australia.csv,0.015486158524987137
Cooking.csv,CasualUK.csv,0.01545171500918241
Piracy.csv,TwoXChromosomes.csv,0.015434198529176935
soccer.csv,copypasta.csv,0.015425127637502811
soccer.csv,Conservative.csv,0.015365378067949353
relationships.csv,FemaleDatingStrategy.csv,0.015348865242317489
apple.csv,explainlikeimfive.csv,0.015335390766765156
NoStupidQuestions.csv,Conservative.csv,0.01524983042233774
LifeProTips.csv,personalfinance.csv,0.015233815925618233
buildapc.csv,TwoXChromosomes.csv,0.015221734359478045
sex.csv,australia.csv,0.01510608738573982
buildapc.csv,Minecraft.csv,0.01502720472112018
nba.csv,AmItheAsshole.csv,0.014919902501567828
leagueoflegends.csv,MaliciousCompliance.csv,0.014793464180781202
AskWomen.csv,copypasta.csv,0.014769545502345549
MaliciousCompliance.csv,unpopularopinion.csv,0.01472107094793318
TwoXChromosomes.csv,unpopularopinion.csv,0.014658414847429468
NintendoSwitch.csv,Fitness.csv,0.014639959732221874
Cooking.csv,anime.csv,0.014604990656437278
antiwork.csv,explainlikeimfive.csv,0.014560031535894358
NoFap.csv,apple.csv,0.014315271671460073
antiwork.csv,apple.csv,0.0142664215776247
relationships.csv,Games.csv,0.014223564948219414
askscience.csv,tifu.csv,0.014186436812406389
relationships.csv,nba.csv,0.01415855291170176
Conservative.csv,anime.csv,0.014116625937010352
MensRights.csv,LifeProTips.csv,0.014108757725353582
tifu.csv,nfl.csv,0.014081296864947968
relationships.csv,antiwork.csv,0.014073017450854097
NoStupidQuestions.csv,MensRights.csv,0.013933851052605362
AskWomen.csv,CasualUK.csv,0.013910860122419488
sysadmin.csv,AskWomen.csv,0.013902294432589946
mildlyinteresting.csv,NoFap.csv,0.013830075212937554
NoFap.csv,anime.csv,0.013808709679656084
personalfinance.csv,worldnews.csv,0.013807676195065732
askscience.csv,AskMen.csv,0.013795496872496704
relationships.csv,worldnews.csv,0.013752539981520484
Jokes.csv,AmItheAsshole.csv,0.013665858036110978
Liberal.csv,Fitness.csv,0.013630415871465962
CryptoCurrency.csv,Jokes.csv,0.013489276564605301
personalfinance.csv,Jokes.csv,0.013448673812271883
Games.csv,Twitch.csv,0.013446794998614786
news.csv,NintendoSwitch.csv,0.013436361137885378
MaliciousCompliance.csv,nba.csv,0.013367264099661047
MaliciousCompliance.csv,CryptoCurrency.csv,0.01333796042112001
MaliciousCompliance.csv,AskMen.csv,0.013313769543078835
sysadmin.csv,copypasta.csv,0.013245410795568957
todayilearned.csv,Twitch.csv,0.013188446057321168
apple.csv,unpopularopinion.csv,0.013106187056215024
soccer.csv,CasualUK.csv,0.013013097586536015
askscience.csv,movies.csv,0.013000151855749542
AgainstHateSubreddits.csv,worldnews.csv,0.012995034004990913
askscience.csv,leagueoflegends.csv,0.012878009257479395
TrueOffMyChest.csv,Conservative.csv,0.01283353603610915
leagueoflegends.csv,Conservative.csv,0.012832197343472296
AskMen.csv,AgainstHateSubreddits.csv,0.012765460504874149
AskMen.csv,soccer.csv,0.012753431016216621
sysadmin.csv,sex.csv,0.012705245817011046
Cooking.csv,nba.csv,0.012695490812713262
sysadmin.csv,askscience.csv,0.01269095902703865
MensRights.csv,CasualUK.csv,0.012674536781440704
tifu.csv,copypasta.csv,0.012590456026467245
MensRights.csv,nfl.csv,0.012565867727059254
askscience.csv,mildlyinteresting.csv,0.012558509457981981
AskReddit.csv,Conservative.csv,0.012532729687350308
Conservative.csv,AmItheAsshole.csv,0.01248023859465619
sysadmin.csv,Minecraft.csv,0.012446986031122487
Conservative.csv,unpopularopinion.csv,0.012290979220067388
AskWomen.csv,Minecraft.csv,0.01220606408085012
Conservative.csv,explainlikeimfive.csv,0.012168405891551104
askscience.csv,relationship_advice.csv,0.0120090560270667
techsupport.csv,AgainstHateSubreddits.csv,0.011946074052958111
FemaleDatingStrategy.csv,Twitch.csv,0.01194128738867517
soccer.csv,personalfinance.csv,0.011910689777265282
AskMen.csv,copypasta.csv,0.011702141133286825
AskMen.csv,anime.csv,0.011616881117905375
Minecraft.csv,TwoXChromosomes.csv,0.011552977184452362
leagueoflegends.csv,Games.csv,0.011528010815913148
movies.csv,personalfinance.csv,0.011483151343594789
antiwork.csv,FemaleDatingStrategy.csv,0.011447888709373077
IAmA.csv,techsupport.csv,0.01143977184256939
personalfinance.csv,anime.csv,0.011160277757024661
australia.csv,AgainstHateSubreddits.csv,0.011155497741416665
TwoXChromosomes.csv,baseball.csv,0.011140590661329108
NoFap.csv,worldnews.csv,0.011091341739576044
MaliciousCompliance.csv,Cooking.csv,0.011014752128584937
worldnews.csv,Fitness.csv,0.01101187375712498
Minecraft.csv,AskReddit.csv,0.010931516360785154
LifeProTips.csv,explainlikeimfive.csv,0.010744426498644821
tifu.csv,AgainstHateSubreddits.csv,0.010740890824117777
LifeProTips.csv,TrueOffMyChest.csv,0.01070012071781945
teenagers.csv,Games.csv,0.010615380152928067
techsupport.csv,relationships.csv,0.010590755985212752
apple.csv,relationship_advice.csv,0.010574090684403958
NoStupidQuestions.csv,Cooking.csv,0.010398719080215946
IAmA.csv,FemaleDatingStrategy.csv,0.010303215914249098
NoStupidQuestions.csv,CryptoCurrency.csv,0.010233475787236102
NoStupidQuestions.csv,NintendoSwitch.csv,0.010190147307971298
copypasta.csv,Conservative.csv,0.010183212923961737
buildapc.csv,AgainstHateSubreddits.csv,0.010000071016923351
copypasta.csv,AmItheAsshole.csv,0.009939246010901681
buildapc.csv,explainlikeimfive.csv,0.009893309949190354
antiwork.csv,Fitness.csv,0.009824724698040188
Twitch.csv,explainlikeimfive.csv,0.009806682849669457
MensRights.csv,AmItheAsshole.csv,0.00977218171558114
buildapc.csv,copypasta.csv,0.009744798372462338
relationships.csv,buildapc.csv,0.009734107991520302
sysadmin.csv,CasualUK.csv,0.009677785883211554
sex.csv,nfl.csv,0.009645949142021437
FemaleDatingStrategy.csv,apple.csv,0.009565305163205862
soccer.csv,Cooking.csv,0.00950820681530562
techsupport.csv,TrueOffMyChest.csv,0.009271470516275637
MensRights.csv,FemaleDatingStrategy.csv,0.009255187600601622
AskMen.csv,Conservative.csv,0.009229627275758157
MaliciousCompliance.csv,CasualUK.csv,0.009108752375036056
TwoXChromosomes.csv,explainlikeimfive.csv,0.009066687525816963
NoStupidQuestions.csv,Piracy.csv,0.00905310962901551
sex.csv,nba.csv,0.008965513364127653
IAmA.csv,nfl.csv,0.00888042316112958
MensRights.csv,copypasta.csv,0.008753379716950782
FemaleDatingStrategy.csv,australia.csv,0.008736726760401714
MaliciousCompliance.csv,TwoXChromosomes.csv,0.008699278635921792
Minecraft.csv,TrueOffMyChest.csv,0.008645910231219411
NintendoSwitch.csv,AmItheAsshole.csv,0.00862491138757171
antiwork.csv,tifu.csv,0.008476841503681998
sysadmin.csv,Conservative.csv,0.008403876297354618
AskWomen.csv,techsupport.csv,0.008256487489846864
NintendoSwitch.csv,TrueOffMyChest.csv,0.008109191829821727
CryptoCurrency.csv,worldnews.csv,0.00804049827962472
MaliciousCompliance.csv,personalfinance.csv,0.00800038873189346
relationships.csv,explainlikeimfive.csv,0.007912528225109239
Games.csv,Cooking.csv,0.007887692014237113
Minecraft.csv,AskMen.csv,0.007852445264278751
tifu.csv,CasualUK.csv,0.007777889399224525
news.csv,sex.csv,0.007721232675111378
TwoXChromosomes.csv,Jokes.csv,0.007639313319182106
copypasta.csv,baseball.csv,0.0075415386175006205
askscience.csv,AgainstHateSubreddits.csv,0.007503093323485199
techsupport.csv,antiwork.csv,0.007353950591303393
IAmA.csv,teenagers.csv,0.0073480502823846106
personalfinance.csv,Twitch.csv,0.007342754075067015
copypasta.csv,nba.csv,0.007277719596260557
copypasta.csv,Games.csv,0.007263885354636068
sysadmin.csv,teenagers.csv,0.007061168956887798
nfl.csv,Twitch.csv,0.007052330881950342
askscience.csv,unpopularopinion.csv,0.00702164618872303
Minecraft.csv,NintendoSwitch.csv,0.0070032410839279136
AskWomen.csv,NintendoSwitch.csv,0.006855551724395337
FemaleDatingStrategy.csv,explainlikeimfive.csv,0.006827719700002288
Minecraft.csv,copypasta.csv,0.006603685555936933
askscience.csv,NoFap.csv,0.006552713636079677
antiwork.csv,copypasta.csv,0.006552072009938681
antiwork.csv,australia.csv,0.006518915243436174
NoStupidQuestions.csv,FemaleDatingStrategy.csv,0.006513551000367879
copypasta.csv,nfl.csv,0.006509606537786872
CryptoCurrency.csv,baseball.csv,0.006445321483651623
TwoXChromosomes.csv,politics.csv,0.0061599330257199325
sex.csv,worldnews.csv,0.006115475044985552
Minecraft.csv,relationship_advice.csv,0.006019834978825189
techsupport.csv,politics.csv,0.005947620393248809
Twitch.csv,CasualUK.csv,0.005916171287395078
FemaleDatingStrategy.csv,TrueOffMyChest.csv,0.005859676245297707
FemaleDatingStrategy.csv,CryptoCurrency.csv,0.005774864916359479
Cooking.csv,AgainstHateSubreddits.csv,0.005771063773229335
Games.csv,TwoXChromosomes.csv,0.00575871873035283
mildlyinteresting.csv,Games.csv,0.005560125717653741
anime.csv,relationship_advice.csv,0.005548222102212064
teenagers.csv,worldnews.csv,0.00532107228693357
Piracy.csv,MensRights.csv,0.005307248683783072
NoStupidQuestions.csv,MaliciousCompliance.csv,0.005304274633970429
teenagers.csv,Fitness.csv,0.004944949824663092
relationship_advice.csv,Twitch.csv,0.004844632084045064
LifeProTips.csv,AmItheAsshole.csv,0.0047882876145791675
FemaleDatingStrategy.csv,Liberal.csv,0.004779998879118286
Piracy.csv,copypasta.csv,0.004698286159129594
NoFap.csv,FemaleDatingStrategy.csv,0.004668250772763782
NoFap.csv,MaliciousCompliance.csv,0.004640793848939562
movies.csv,CasualUK.csv,0.004626567707496032
Games.csv,personalfinance.csv,0.004618417929269203
Minecraft.csv,Games.csv,0.004610985861030481
worldnews.csv,CasualUK.csv,0.004540770404811156
anime.csv,explainlikeimfive.csv,0.004406605898028881
NoFap.csv,Twitch.csv,0.004301137904219932
sex.csv,Conservative.csv,0.004264054526043393
antiwork.csv,AmItheAsshole.csv,0.004234632988589504
AskWomen.csv,baseball.csv,0.0042063424500331514
techsupport.csv,askscience.csv,0.004187401047988537
IAmA.csv,copypasta.csv,0.0040571226311341135
NoFap.csv,copypasta.csv,0.0039936564567613075
relationships.csv,CryptoCurrency.csv,0.003964787149760229
Piracy.csv,LifeProTips.csv,0.003923701443695471
CryptoCurrency.csv,Twitch.csv,0.0038853313221618446
AgainstHateSubreddits.csv,CasualUK.csv,0.0038443782012297367
askscience.csv,nfl.csv,0.0037811827101237316
Conservative.csv,AgainstHateSubreddits.csv,0.0036113524842983358
copypasta.csv,anime.csv,0.0035520224595555483
CryptoCurrency.csv,AmItheAsshole.csv,0.0035002597628791543
FemaleDatingStrategy.csv,LifeProTips.csv,0.0033729904005112
copypasta.csv,teenagers.csv,0.0032689602959496966
sex.csv,explainlikeimfive.csv,0.0032382255561339557
buildapc.csv,unpopularopinion.csv,0.0032273478492985674
AskMen.csv,CryptoCurrency.csv,0.002965053934989581
buildapc.csv,relationship_advice.csv,0.002892082368001092
mildlyinteresting.csv,AgainstHateSubreddits.csv,0.0028414638819311833
FemaleDatingStrategy.csv,AskMen.csv,0.0026671933629961453
AskWomen.csv,apple.csv,0.002506266318833328
MensRights.csv,AgainstHateSubreddits.csv,0.002486746016237107
Cooking.csv,Conservative.csv,0.002438922048463965
AskReddit.csv,AgainstHateSubreddits.csv,0.0024317818254794288
techsupport.csv,anime.csv,0.002285017928403521
CryptoCurrency.csv,TrueOffMyChest.csv,0.002257579242367025
Cooking.csv,apple.csv,0.002246249513805032
NoFap.csv,personalfinance.csv,0.002138541036130981
NoFap.csv,CasualUK.csv,0.0020273736558914512
askscience.csv,politics.csv,0.0018621744703342102
AskWomen.csv,Twitch.csv,0.0017369256426139623
AskWomen.csv,worldnews.csv,0.0016536604787528164
Minecraft.csv,Jokes.csv,0.0016348383002079414
mildlyinteresting.csv,sex.csv,0.0015461214759469044
politics.csv,CasualUK.csv,0.0015202668947709164
buildapc.csv,Conservative.csv,0.0014666156069184089
copypasta.csv,TwoXChromosomes.csv,0.0013201188226958926
techsupport.csv,nfl.csv,0.001274547446284191
Fitness.csv,CasualUK.csv,0.0012200035201908044
TwoXChromosomes.csv,Twitch.csv,0.0011603471835683887
Cooking.csv,AmItheAsshole.csv,0.0011367441704118741
antiwork.csv,MaliciousCompliance.csv,0.0011297181985502336
soccer.csv,Twitch.csv,0.0009053175811414294
techsupport.csv,worldnews.csv,0.0008658001590703401
buildapc.csv,MaliciousCompliance.csv,0.0007743126893319241
nfl.csv,Jokes.csv,0.0007386687590609231
MensRights.csv,Cooking.csv,0.0005585633266630419
apple.csv,AmItheAsshole.csv,0.0005566295951693334
AskWomen.csv,CryptoCurrency.csv,0.0003044285564862692
techsupport.csv,FemaleDatingStrategy.csv,0.00023876361148733594
antiwork.csv,Games.csv,0.00021566831277486376
antiwork.csv,AskReddit.csv,0.0002137915732772777
MaliciousCompliance.csv,AgainstHateSubreddits.csv,0.00017263472705575378
Minecraft.csv,worldnews.csv,0.00013422068949586752
NintendoSwitch.csv,unpopularopinion.csv,-2.2332756042686697e-05
sex.csv,Games.csv,-0.00043786350963248566
techsupport.csv,AskReddit.csv,-0.0006768563415926465
NintendoSwitch.csv,Jokes.csv,-0.0007477622025302555
Cooking.csv,relationship_advice.csv,-0.0007565244545575389
techsupport.csv,Conservative.csv,-0.0008007354526207155
sex.csv,CryptoCurrency.csv,-0.0009710427035052316
news.csv,Minecraft.csv,-0.0010418115515122839
soccer.csv,CryptoCurrency.csv,-0.001323918923700207
antiwork.csv,AskMen.csv,-0.0013929835511323763
nba.csv,CasualUK.csv,-0.0015006616588626454
Twitch.csv,AmItheAsshole.csv,-0.0015929520964195198
AskWomen.csv,anime.csv,-0.0016410299671050232
MensRights.csv,explainlikeimfive.csv,-0.001733996926204684
buildapc.csv,teenagers.csv,-0.0017355604528415114
Minecraft.csv,personalfinance.csv,-0.0018297683364203454
askscience.csv,Twitch.csv,-0.0018796592676078028
IAmA.csv,NintendoSwitch.csv,-0.001965250532547147
askscience.csv,nba.csv,-0.0020319692865471417
FemaleDatingStrategy.csv,nfl.csv,-0.002069281818075197
Piracy.csv,antiwork.csv,-0.0020780373307536237
Piracy.csv,teenagers.csv,-0.0022448535825154714
nfl.csv,CasualUK.csv,-0.0023323403478632265
techsupport.csv,AmItheAsshole.csv,-0.002361694461149755
personalfinance.csv,Fitness.csv,-0.0023876386173840025
sysadmin.csv,AgainstHateSubreddits.csv,-0.0024184971610821115
askscience.csv,antiwork.csv,-0.002458530861751518
Piracy.csv,politics.csv,-0.002472244974358828
sysadmin.csv,TrueOffMyChest.csv,-0.0024937116113201707
askscience.csv,Jokes.csv,-0.002517511085605051
AgainstHateSubreddits.csv,Fitness.csv,-0.0026723465088256404
askscience.csv,buildapc.csv,-0.0027936863351742947
Piracy.csv,Cooking.csv,-0.0029282234748655434
AgainstHateSubreddits.csv,relationship_advice.csv,-0.0029982532206578316
copypasta.csv,explainlikeimfive.csv,-0.003011428123009141
antiwork.csv,NoFap.csv,-0.0030802200603166074
Minecraft.csv,CryptoCurrency.csv,-0.0033165051850152505
TwoXChromosomes.csv,personalfinance.csv,-0.0033176841975481874
sysadmin.csv,techsupport.csv,-0.0033247337434254565
NoStupidQuestions.csv,antiwork.csv,-0.003356843540540666
buildapc.csv,CasualUK.csv,-0.003689792913236678
askscience.csv,baseball.csv,-0.003865182497503561
antiwork.csv,MensRights.csv,-0.003912405354417281
Piracy.csv,relationship_advice.csv,-0.004046551160728162
askscience.csv,apple.csv,-0.004577532168536846
copypasta.csv,relationship_advice.csv,-0.004628649106056093
CryptoCurrency.csv,unpopularopinion.csv,-0.004838372689605519
personalfinance.csv,nba.csv,-0.004924554680142412
Conservative.csv,relationship_advice.csv,-0.00495869584114117
askscience.csv,MensRights.csv,-0.0052084906758991245
antiwork.csv,teenagers.csv,-0.005276906326438624
MaliciousCompliance.csv,sex.csv,-0.005484102955806369
buildapc.csv,AmItheAsshole.csv,-0.005680758332885727
movies.csv,copypasta.csv,-0.00568256723320637
Piracy.csv,Liberal.csv,-0.005700724129625412
Liberal.csv,Cooking.csv,-0.006051364976013218
TrueOffMyChest.csv,CasualUK.csv,-0.006300447907568341
NoStupidQuestions.csv,Twitch.csv,-0.006604934397241413
sex.csv,CasualUK.csv,-0.007296241250251967
Piracy.csv,CasualUK.csv,-0.007755673172351374
copypasta.csv,NintendoSwitch.csv,-0.007825706510707464
Piracy.csv,NoFap.csv,-0.007862707283479597
sysadmin.csv,MensRights.csv,-0.007909730730167208
copypasta.csv,CryptoCurrency.csv,-0.007915207476311803
MaliciousCompliance.csv,teenagers.csv,-0.007916978454260537
FemaleDatingStrategy.csv,AgainstHateSubreddits.csv,-0.007960995555132966
MaliciousCompliance.csv,Twitch.csv,-0.008020821996943317
teenagers.csv,Conservative.csv,-0.008027641029879629
FemaleDatingStrategy.csv,Minecraft.csv,-0.008083587182102114
Jokes.csv,AgainstHateSubreddits.csv,-0.008208160486293803
copypasta.csv,personalfinance.csv,-0.00831412257649089
techsupport.csv,Minecraft.csv,-0.008483370994834205
MaliciousCompliance.csv,copypasta.csv,-0.008618249110176501
Cooking.csv,Twitch.csv,-0.008714734186778372
AskWomen.csv,antiwork.csv,-0.008739702528682392
Piracy.csv,Minecraft.csv,-0.008817586944380063
apple.csv,AgainstHateSubreddits.csv,-0.008924965727401313
Minecraft.csv,Liberal.csv,-0.00933965841741613
Piracy.csv,baseball.csv,-0.009343532776296515
AskWomen.csv,Conservative.csv,-0.00942544355912811
antiwork.csv,personalfinance.csv,-0.00968799008307375
FemaleDatingStrategy.csv,AmItheAsshole.csv,-0.009895303681539014
Games.csv,unpopularopinion.csv,-0.00997245709152872
antiwork.csv,anime.csv,-0.009996194713331796
AgainstHateSubreddits.csv,explainlikeimfive.csv,-0.010025441391835921
Conservative.csv,CasualUK.csv,-0.010041710928072822
FemaleDatingStrategy.csv,TwoXChromosomes.csv,-0.010514426837359814
FemaleDatingStrategy.csv,relationship_advice.csv,-0.010599296985018158
LifeProTips.csv,AgainstHateSubreddits.csv,-0.01061188249561229
NoFap.csv,explainlikeimfive.csv,-0.01086737888480438
TwoXChromosomes.csv,AgainstHateSubreddits.csv,-0.010974761207271033
Minecraft.csv,Fitness.csv,-0.011207363357076616
NoFap.csv,AgainstHateSubreddits.csv,-0.011625711459827048
techsupport.csv,movies.csv,-0.011761865386205939
sysadmin.csv,relationships.csv,-0.012170949811546983
buildapc.csv,FemaleDatingStrategy.csv,-0.012556076903974978
personalfinance.csv,explainlikeimfive.csv,-0.012754574306169886
Minecraft.csv,Cooking.csv,-0.013344144068371033
AskMen.csv,Games.csv,-0.013510019540878826
FemaleDatingStrategy.csv,Games.csv,-0.013733480663632003
leagueoflegends.csv,AgainstHateSubreddits.csv,-0.014422332206878385
AgainstHateSubreddits.csv,unpopularopinion.csv,-0.014542602349714384
Conservative.csv,Twitch.csv,-0.014727657143506434
sex.csv,AgainstHateSubreddits.csv,-0.015083332614415967
MensRights.csv,Fitness.csv,-0.015181068736631387
FemaleDatingStrategy.csv,anime.csv,-0.0151907050262301
TrueOffMyChest.csv,Twitch.csv,-0.015480841149809077
FemaleDatingStrategy.csv,copypasta.csv,-0.015490207035952164
IAmA.csv,antiwork.csv,-0.015785728316637826
techsupport.csv,AskMen.csv,-0.01591453731517878
leagueoflegends.csv,antiwork.csv,-0.01629010103387274
antiwork.csv,worldnews.csv,-0.01663431359037504
baseball.csv,AgainstHateSubreddits.csv,-0.0167474411233679
CryptoCurrency.csv,Fitness.csv,-0.016817851344615775
copypasta.csv,LifeProTips.csv,-0.016984964731060037
antiwork.csv,nfl.csv,-0.01712071042751484
tifu.csv,Conservative.csv,-0.017275559188350664
antiwork.csv,nba.csv,-0.017288721435396504
askscience.csv,Conservative.csv,-0.01772952446997622
NoStupidQuestions.csv,AgainstHateSubreddits.csv,-0.019270871246420684
askscience.csv,teenagers.csv,-0.019310751195041664
mildlyinteresting.csv,FemaleDatingStrategy.csv,-0.020179323465666865
techsupport.csv,relationship_advice.csv,-0.02049639270387882
techsupport.csv,explainlikeimfive.csv,-0.021020108534602233
Liberal.csv,Twitch.csv,-0.021395556732522136
todayilearned.csv,antiwork.csv,-0.021495435515884287
antiwork.csv,AgainstHateSubreddits.csv,-0.021571203867561506
sex.csv,Liberal.csv,-0.02172313708096607
Piracy.csv,AgainstHateSubreddits.csv,-0.02186401700359597
Cooking.csv,explainlikeimfive.csv,-0.02384492626542567
sysadmin.csv,antiwork.csv,-0.023899821212965522
Conservative.csv,Fitness.csv,-0.02435795281120967
techsupport.csv,MensRights.csv,-0.025059495174713398
copypasta.csv,AgainstHateSubreddits.csv,-0.026812302751112904
relationship_advice.csv,CasualUK.csv,-0.02727473618342202
Minecraft.csv,AmItheAsshole.csv,-0.027470105174581372
AskWomen.csv,AgainstHateSubreddits.csv,-0.027682484087798498
MaliciousCompliance.csv,Minecraft.csv,-0.027875364689702975
AgainstHateSubreddits.csv,Twitch.csv,-0.028800718456974517
Piracy.csv,TrueOffMyChest.csv,-0.02929968318190701
Piracy.csv,AskMen.csv,-0.030714171427100645
Piracy.csv,FemaleDatingStrategy.csv,-0.03496753148157672
techsupport.csv,unpopularopinion.csv,-0.03720548877947616
NintendoSwitch.csv,AgainstHateSubreddits.csv,-0.03936523322205776
AskWomen.csv,Piracy.csv,-0.05100333992137851
antiwork.csv,LifeProTips.csv,-0.06045826464409232
