subreddit1,subreddit2,correlation
news.csv,worldnews.csv,0.21093020346485047
Liberal.csv,politics.csv,0.2044268148288721
Liberal.csv,worldnews.csv,0.14698617596062674
AskWomen.csv,AskReddit.csv,0.1388387215620646
AskMen.csv,AskReddit.csv,0.13781625950578302
news.csv,todayilearned.csv,0.1337889708965427
news.csv,politics.csv,0.1320796981287804
AskWomen.csv,AskMen.csv,0.12810289670865838
mildlyinteresting.csv,todayilearned.csv,0.12437208207520373
Liberal.csv,australia.csv,0.11686556672836895
worldnews.csv,politics.csv,0.11589351278019544
news.csv,Liberal.csv,0.11431309815297998
news.csv,australia.csv,0.11171456913712122
nfl.csv,baseball.csv,0.10759034938946503
baseball.csv,nba.csv,0.10658498134217124
mildlyinteresting.csv,Minecraft.csv,0.1025671859254453
NoStupidQuestions.csv,AskReddit.csv,0.10242693828627696
Liberal.csv,anime.csv,0.09998091798508013
Liberal.csv,Conservative.csv,0.09733246967067147
mildlyinteresting.csv,CasualUK.csv,0.09655151848132272
nfl.csv,nba.csv,0.09611265645969412
mildlyinteresting.csv,baseball.csv,0.09529734673320708
mildlyinteresting.csv,antiwork.csv,0.09529674050153888
news.csv,AskReddit.csv,0.09469806316152532
news.csv,explainlikeimfive.csv,0.093911768886797
todayilearned.csv,Liberal.csv,0.09276965118010055
mildlyinteresting.csv,AskReddit.csv,0.09269835828813693
australia.csv,worldnews.csv,0.09209021085620454
Liberal.csv,apple.csv,0.09202209514342816
todayilearned.csv,worldnews.csv,0.09173318024962808
Liberal.csv,Jokes.csv,0.09150114547405307
LifeProTips.csv,AskReddit.csv,0.09148689029564575
NoStupidQuestions.csv,explainlikeimfive.csv,0.09145002051318778
mildlyinteresting.csv,TrueOffMyChest.csv,0.09076670865024533
mildlyinteresting.csv,news.csv,0.09075692627158506
todayilearned.csv,AskMen.csv,0.09041026799767822
mildlyinteresting.csv,australia.csv,0.09037066394846574
Cooking.csv,Fitness.csv,0.09026974543908749
NoStupidQuestions.csv,todayilearned.csv,0.08935209711467468
todayilearned.csv,australia.csv,0.08905020014795911
TrueOffMyChest.csv,unpopularopinion.csv,0.08715351551035272
AskWomen.csv,sex.csv,0.08653219914803212
movies.csv,Games.csv,0.08497535209357397
AskReddit.csv,TrueOffMyChest.csv,0.08312407123484963
todayilearned.csv,explainlikeimfive.csv,0.08304548993565361
australia.csv,politics.csv,0.0826340260030072
movies.csv,Piracy.csv,0.08244234749317719
IAmA.csv,Piracy.csv,0.0823136152225885
todayilearned.csv,TrueOffMyChest.csv,0.08213269743009546
movies.csv,Liberal.csv,0.08211622877879554
Liberal.csv,nfl.csv,0.0817719412711411
AskMen.csv,tifu.csv,0.08144338506691333
AskWomen.csv,todayilearned.csv,0.08090707315764661
tifu.csv,AskReddit.csv,0.08062810053007638
Liberal.csv,CryptoCurrency.csv,0.08014749225836847
TrueOffMyChest.csv,AmItheAsshole.csv,0.07980745446457083
australia.csv,AskReddit.csv,0.07953575668731264
movies.csv,apple.csv,0.07909488489062122
movies.csv,nba.csv,0.07857543834906375
Liberal.csv,nba.csv,0.07829887838883655
news.csv,apple.csv,0.07795841256063535
NoStupidQuestions.csv,news.csv,0.07739064247362024
NintendoSwitch.csv,apple.csv,0.07695421298387177
AskMen.csv,TrueOffMyChest.csv,0.07692599022823621
todayilearned.csv,AskReddit.csv,0.07579377204508239
AskMen.csv,teenagers.csv,0.07554911400605234
TwoXChromosomes.csv,TrueOffMyChest.csv,0.07537897150469708
Liberal.csv,TwoXChromosomes.csv,0.07519177773100066
MensRights.csv,Liberal.csv,0.07505615778116448
MensRights.csv,Conservative.csv,0.07471012967800496
buildapc.csv,AskMen.csv,0.07453844341353975
australia.csv,baseball.csv,0.07357272897181683
soccer.csv,nfl.csv,0.07354788355591366
sysadmin.csv,australia.csv,0.07335848293246319
techsupport.csv,apple.csv,0.07334146240145477
leagueoflegends.csv,Twitch.csv,0.07328386462891483
news.csv,soccer.csv,0.07318379180958168
IAmA.csv,news.csv,0.07279201211656704
baseball.csv,apple.csv,0.07276635893111266
AskWomen.csv,relationships.csv,0.0726623569227939
leagueoflegends.csv,apple.csv,0.07240108934300508
apple.csv,anime.csv,0.07206558876497635
soccer.csv,baseball.csv,0.07177549085489725
NoStupidQuestions.csv,baseball.csv,0.07151330210172543
Liberal.csv,AskReddit.csv,0.07125360039266337
movies.csv,baseball.csv,0.07104486472034875
Liberal.csv,relationship_advice.csv,0.07093535592393624
AskMen.csv,Jokes.csv,0.07083102145830077
todayilearned.csv,politics.csv,0.07060173310547592
NoStupidQuestions.csv,AskMen.csv,0.0705774367096784
apple.csv,nba.csv,0.0703786136457521
teenagers.csv,TrueOffMyChest.csv,0.07024416646589014
NoStupidQuestions.csv,TrueOffMyChest.csv,0.07015459725654875
todayilearned.csv,Jokes.csv,0.07013203673313066
mildlyinteresting.csv,LifeProTips.csv,0.07011711383618241
news.csv,Jokes.csv,0.06979006487062575
AskMen.csv,politics.csv,0.06937297474936305
soccer.csv,australia.csv,0.06922329156210395
Twitch.csv,unpopularopinion.csv,0.06915957785160201
NoStupidQuestions.csv,politics.csv,0.06890909352658706
apple.csv,politics.csv,0.06890002881522082
AskWomen.csv,unpopularopinion.csv,0.06886271298972557
todayilearned.csv,apple.csv,0.06858505458210531
IAmA.csv,NoStupidQuestions.csv,0.06846959108157194
news.csv,MensRights.csv,0.06837258423780146
NoStupidQuestions.csv,worldnews.csv,0.06833836322319488
movies.csv,news.csv,0.06804569326425271
mildlyinteresting.csv,movies.csv,0.06800080185515076
AskReddit.csv,unpopularopinion.csv,0.06798724116361218
mildlyinteresting.csv,teenagers.csv,0.06785936633901901
Piracy.csv,australia.csv,0.06769000307101469
AskWomen.csv,news.csv,0.06758439038372177
todayilearned.csv,CasualUK.csv,0.06756121971563825
sex.csv,apple.csv,0.06748826071262387
LifeProTips.csv,politics.csv,0.06735875307039246
AskWomen.csv,Jokes.csv,0.06724147038017014
MensRights.csv,worldnews.csv,0.06707049404444224
news.csv,unpopularopinion.csv,0.0670415099921138
AskWomen.csv,FemaleDatingStrategy.csv,0.06702316350670195
mildlyinteresting.csv,leagueoflegends.csv,0.06687947781106433
relationships.csv,AskMen.csv,0.06683603178654271
leagueoflegends.csv,TrueOffMyChest.csv,0.0664307233810115
Minecraft.csv,teenagers.csv,0.06626385293084402
movies.csv,nfl.csv,0.0662476821200044
NoStupidQuestions.csv,mildlyinteresting.csv,0.06539705174887356
CryptoCurrency.csv,apple.csv,0.06530862894064776
Liberal.csv,teenagers.csv,0.06521630349682539
AskReddit.csv,explainlikeimfive.csv,0.06441445496966478
AskWomen.csv,leagueoflegends.csv,0.06438930365242407
AskMen.csv,Cooking.csv,0.06436067967006719
movies.csv,teenagers.csv,0.06414231214929834
relationships.csv,AmItheAsshole.csv,0.06405393356882144
AskWomen.csv,TrueOffMyChest.csv,0.0640467764485447
sex.csv,personalfinance.csv,0.06402131017355511
buildapc.csv,Liberal.csv,0.06388374669742106
Piracy.csv,Games.csv,0.06371892061012926
teenagers.csv,AskReddit.csv,0.06358542206328813
AskWomen.csv,politics.csv,0.06339878531511609
MaliciousCompliance.csv,Liberal.csv,0.06338549371135721
AskWomen.csv,AmItheAsshole.csv,0.06328837166016586
buildapc.csv,Fitness.csv,0.06325908135842423
baseball.csv,politics.csv,0.06313586994805351
relationships.csv,TrueOffMyChest.csv,0.06307625193421558
NoFap.csv,AskMen.csv,0.06270722288206443
NoFap.csv,TrueOffMyChest.csv,0.06267912479108774
soccer.csv,worldnews.csv,0.06267041640569496
AskMen.csv,sex.csv,0.06224574590883943
relationships.csv,relationship_advice.csv,0.06216573169719619
soccer.csv,nba.csv,0.062089947426690204
soccer.csv,TrueOffMyChest.csv,0.06193474552410834
news.csv,TwoXChromosomes.csv,0.061803642296223066
Minecraft.csv,baseball.csv,0.06166786733858337
NintendoSwitch.csv,Twitch.csv,0.06152610378167588
NoStupidQuestions.csv,Jokes.csv,0.06135534814684852
todayilearned.csv,unpopularopinion.csv,0.061235028923098345
leagueoflegends.csv,anime.csv,0.06109640720428916
nfl.csv,apple.csv,0.06103202825708351
IAmA.csv,todayilearned.csv,0.060952413336696855
news.csv,AskMen.csv,0.060886952192348374
australia.csv,LifeProTips.csv,0.06087736343241076
AskWomen.csv,movies.csv,0.06070571950250373
mildlyinteresting.csv,worldnews.csv,0.0606423730744154
mildlyinteresting.csv,tifu.csv,0.06063186704585962
AskReddit.csv,Fitness.csv,0.06053370585801765
AskMen.csv,AmItheAsshole.csv,0.06046718558673757
teenagers.csv,unpopularopinion.csv,0.06042493494300185
antiwork.csv,NintendoSwitch.csv,0.06036635422235014
movies.csv,AskReddit.csv,0.06032080372848659
AskMen.csv,TwoXChromosomes.csv,0.060111717797012944
leagueoflegends.csv,nba.csv,0.059959196171811835
askscience.csv,Liberal.csv,0.059892431106267865
apple.csv,worldnews.csv,0.05978512713842343
MensRights.csv,apple.csv,0.05974714058443091
news.csv,nfl.csv,0.059723664684794814
AskReddit.csv,Jokes.csv,0.05969767303953795
Minecraft.csv,soccer.csv,0.05965763839004365
leagueoflegends.csv,movies.csv,0.05956744313268702
AskReddit.csv,baseball.csv,0.05953677681933988
LifeProTips.csv,worldnews.csv,0.05945372811809436
nfl.csv,anime.csv,0.05938144484070276
askscience.csv,todayilearned.csv,0.05934182310095165
Conservative.csv,worldnews.csv,0.05929807557312797
Fitness.csv,explainlikeimfive.csv,0.05918389041759127
NoFap.csv,AskReddit.csv,0.05909255440648699
NoFap.csv,LifeProTips.csv,0.05881268609358636
mildlyinteresting.csv,AskMen.csv,0.058787532792501485
NoStupidQuestions.csv,tifu.csv,0.058732960274193925
IAmA.csv,explainlikeimfive.csv,0.058685613687899554
AskMen.csv,nba.csv,0.058638879769218985
australia.csv,CasualUK.csv,0.058628239531852325
todayilearned.csv,tifu.csv,0.05862550988267185
AskWomen.csv,LifeProTips.csv,0.058547514843110535
mildlyinteresting.csv,politics.csv,0.05820997746896994
news.csv,Conservative.csv,0.05816279184347094
Liberal.csv,LifeProTips.csv,0.05815748262023357
relationships.csv,Liberal.csv,0.05805626202607963
leagueoflegends.csv,NintendoSwitch.csv,0.058003955233746206
soccer.csv,AgainstHateSubreddits.csv,0.05798955264526694
worldnews.csv,explainlikeimfive.csv,0.05787975252011965
news.csv,CasualUK.csv,0.05782593004896658
TrueOffMyChest.csv,nba.csv,0.05778012362816184
MensRights.csv,baseball.csv,0.057707633843517875
news.csv,antiwork.csv,0.05737150103047983
Jokes.csv,politics.csv,0.05720596313202342
relationships.csv,AskReddit.csv,0.05713444949726343
AskWomen.csv,NoStupidQuestions.csv,0.05669742544174739
Minecraft.csv,sex.csv,0.05659551556678297
Liberal.csv,unpopularopinion.csv,0.056305211105259476
movies.csv,NintendoSwitch.csv,0.0562221568658188
australia.csv,nfl.csv,0.056069734936784695
mildlyinteresting.csv,apple.csv,0.05597573157810756
leagueoflegends.csv,NoFap.csv,0.05592328912298051
NoFap.csv,baseball.csv,0.055709280084608806
NoFap.csv,Minecraft.csv,0.05563037634771513
TrueOffMyChest.csv,relationship_advice.csv,0.05561290164609742
TwoXChromosomes.csv,worldnews.csv,0.05556146892165989
NoFap.csv,sex.csv,0.05548765023034784
news.csv,TrueOffMyChest.csv,0.05502476443886279
todayilearned.csv,teenagers.csv,0.05489167258672032
sex.csv,Cooking.csv,0.05487254396101179
mildlyinteresting.csv,Liberal.csv,0.0548535392597979
sysadmin.csv,news.csv,0.05479157996276901
IAmA.csv,askscience.csv,0.05477645707734727
AskWomen.csv,MaliciousCompliance.csv,0.054727464436359965
movies.csv,explainlikeimfive.csv,0.054720479633045875
sysadmin.csv,tifu.csv,0.05462580540746747
NoStupidQuestions.csv,teenagers.csv,0.054589469385972006
techsupport.csv,Twitch.csv,0.05453185979733069
IAmA.csv,Twitch.csv,0.054446961218973064
AskReddit.csv,politics.csv,0.05444238529413259
Jokes.csv,CasualUK.csv,0.05440659171550704
teenagers.csv,AmItheAsshole.csv,0.05439144052142651
NoStupidQuestions.csv,unpopularopinion.csv,0.05438730744678037
tifu.csv,Liberal.csv,0.05420040679199526
sysadmin.csv,baseball.csv,0.05411383837302296
todayilearned.csv,MensRights.csv,0.0540120922159186
australia.csv,TrueOffMyChest.csv,0.0539727907940502
sysadmin.csv,politics.csv,0.05391268749939864
movies.csv,LifeProTips.csv,0.05374273924925732
leagueoflegends.csv,baseball.csv,0.05368029230509951
NoStupidQuestions.csv,Fitness.csv,0.05347517107356328
movies.csv,todayilearned.csv,0.05335858602704468
AskMen.csv,baseball.csv,0.053211857632753115
sysadmin.csv,CryptoCurrency.csv,0.05314241644859813
tifu.csv,TrueOffMyChest.csv,0.053119905126678024
nfl.csv,TrueOffMyChest.csv,0.053084856148496215
Games.csv,NintendoSwitch.csv,0.05294831992392138
AskWomen.csv,teenagers.csv,0.052915364209146255
AskWomen.csv,NoFap.csv,0.05251677039630975
relationships.csv,NoFap.csv,0.052367206540716096
Fitness.csv,Twitch.csv,0.052321290931824666
sysadmin.csv,apple.csv,0.052271143566958084
Twitch.csv,nba.csv,0.05208493946274811
Liberal.csv,AmItheAsshole.csv,0.05207446896559116
NoStupidQuestions.csv,leagueoflegends.csv,0.05202780138613654
teenagers.csv,politics.csv,0.05187053576572874
sysadmin.csv,movies.csv,0.05168340519463466
Cooking.csv,unpopularopinion.csv,0.051663584586329706
movies.csv,soccer.csv,0.05155434140782998
askscience.csv,explainlikeimfive.csv,0.05112241841024634
nfl.csv,worldnews.csv,0.05103248790271531
todayilearned.csv,nba.csv,0.05088466442176734
movies.csv,Cooking.csv,0.05079107975221505
Games.csv,apple.csv,0.05075894310748883
Liberal.csv,soccer.csv,0.050658485706951945
AskWomen.csv,personalfinance.csv,0.05063189198552952
teenagers.csv,nba.csv,0.05056676309877017
Liberal.csv,baseball.csv,0.05050437277650946
LifeProTips.csv,unpopularopinion.csv,0.050477955370521146
buildapc.csv,news.csv,0.05047599041110962
mildlyinteresting.csv,buildapc.csv,0.0504553147033312
buildapc.csv,personalfinance.csv,0.050192415617083874
teenagers.csv,personalfinance.csv,0.05013884798100014
nfl.csv,Fitness.csv,0.05000741574313541
news.csv,anime.csv,0.04999620348892031
Cooking.csv,personalfinance.csv,0.049940397033092276
IAmA.csv,australia.csv,0.04993539904202963
mildlyinteresting.csv,TwoXChromosomes.csv,0.049902062852111476
mildlyinteresting.csv,NintendoSwitch.csv,0.04978968884534614
MaliciousCompliance.csv,TrueOffMyChest.csv,0.0497300050044981
leagueoflegends.csv,AskMen.csv,0.04971365066674728
IAmA.csv,worldnews.csv,0.04964592860825914
techsupport.csv,Fitness.csv,0.04963572835063026
MaliciousCompliance.csv,apple.csv,0.049412707069815556
Games.csv,TrueOffMyChest.csv,0.04939018826340183
mildlyinteresting.csv,Jokes.csv,0.04938168617113221
TrueOffMyChest.csv,explainlikeimfive.csv,0.04937843069035158
NoStupidQuestions.csv,apple.csv,0.04932798860780864
IAmA.csv,unpopularopinion.csv,0.04924373329614073
news.csv,baseball.csv,0.04919019245651931
todayilearned.csv,LifeProTips.csv,0.04918520082801544
movies.csv,Twitch.csv,0.049173870833977465
FemaleDatingStrategy.csv,teenagers.csv,0.04901736056494049
sex.csv,AskReddit.csv,0.048945503075678264
MensRights.csv,politics.csv,0.048848269319165916
teenagers.csv,australia.csv,0.0487686169985187
teenagers.csv,CasualUK.csv,0.04871657331540191
leagueoflegends.csv,Fitness.csv,0.0487032499794427
personalfinance.csv,AskReddit.csv,0.048689358866725166
australia.csv,Fitness.csv,0.04867691452323485
NoFap.csv,politics.csv,0.04861417169104698
NoStupidQuestions.csv,relationship_advice.csv,0.04849767231706814
Piracy.csv,nfl.csv,0.048481234940216555
Minecraft.csv,politics.csv,0.04842841939793768
AmItheAsshole.csv,unpopularopinion.csv,0.048168158915212075
NintendoSwitch.csv,nba.csv,0.048165730627301354
buildapc.csv,TrueOffMyChest.csv,0.04815689700324749
antiwork.csv,soccer.csv,0.048121361705890826
mildlyinteresting.csv,anime.csv,0.047969658039653224
Liberal.csv,explainlikeimfive.csv,0.04782318155789801
AskMen.csv,worldnews.csv,0.04767738888329684
mildlyinteresting.csv,Conservative.csv,0.04763906949977235
tifu.csv,unpopularopinion.csv,0.04761441289574025
FemaleDatingStrategy.csv,sex.csv,0.047596355378064864
NoFap.csv,teenagers.csv,0.04750587712735148
baseball.csv,TrueOffMyChest.csv,0.04739420250155626
personalfinance.csv,politics.csv,0.04738115317611128
leagueoflegends.csv,news.csv,0.04737656014766574
todayilearned.csv,NoFap.csv,0.04727980448672869
antiwork.csv,politics.csv,0.04724144522380254
techsupport.csv,Games.csv,0.04714354474610185
teenagers.csv,TwoXChromosomes.csv,0.04712808964944665
techsupport.csv,Cooking.csv,0.04712248514091174
sex.csv,unpopularopinion.csv,0.047110520282043204
relationship_advice.csv,unpopularopinion.csv,0.047074546901790464
techsupport.csv,NintendoSwitch.csv,0.04706472571163309
unpopularopinion.csv,explainlikeimfive.csv,0.0469871993218548
news.csv,Games.csv,0.04691248373360746
NintendoSwitch.csv,anime.csv,0.04687190821991539
AskWomen.csv,Cooking.csv,0.04678168750975904
movies.csv,FemaleDatingStrategy.csv,0.046710476261792505
AskReddit.csv,AmItheAsshole.csv,0.04666306023155982
IAmA.csv,AskReddit.csv,0.04665186585889723
Jokes.csv,unpopularopinion.csv,0.046312888862973633
soccer.csv,AskReddit.csv,0.04630578119202623
news.csv,Cooking.csv,0.04618133044929934
nfl.csv,AmItheAsshole.csv,0.0461677335790109
leagueoflegends.csv,Cooking.csv,0.04589549145157653
NoFap.csv,Cooking.csv,0.04579867444383913
Piracy.csv,Twitch.csv,0.045776467091228026
mildlyinteresting.csv,MensRights.csv,0.045650905734292674
NoFap.csv,Jokes.csv,0.04555366433661964
NoFap.csv,relationship_advice.csv,0.04554337755056367
IAmA.csv,TrueOffMyChest.csv,0.04553274883058991
nfl.csv,politics.csv,0.045444522614945845
todayilearned.csv,FemaleDatingStrategy.csv,0.04540110509811964
tifu.csv,Fitness.csv,0.045195690964128565
news.csv,teenagers.csv,0.045167373683889275
todayilearned.csv,Minecraft.csv,0.04492037348409271
apple.csv,Twitch.csv,0.04491547559272041
AskReddit.csv,relationship_advice.csv,0.04491130046427295
australia.csv,unpopularopinion.csv,0.04491115688146204
australia.csv,anime.csv,0.0447789211320572
anime.csv,CasualUK.csv,0.04475069401592523
buildapc.csv,Cooking.csv,0.04474500285917129
askscience.csv,Fitness.csv,0.04470187660336293
NoStupidQuestions.csv,TwoXChromosomes.csv,0.044654826543770676
buildapc.csv,movies.csv,0.044537188370864025
news.csv,NoFap.csv,0.044445165594106426
Liberal.csv,Games.csv,0.044387126095582916
askscience.csv,personalfinance.csv,0.04438304517882016
IAmA.csv,tifu.csv,0.044375744484910315
news.csv,Piracy.csv,0.044354749620259315
techsupport.csv,MaliciousCompliance.csv,0.0442584351475858
relationships.csv,unpopularopinion.csv,0.04406724279226895
todayilearned.csv,baseball.csv,0.04399707032271104
MensRights.csv,relationship_advice.csv,0.04388081244552698
news.csv,relationship_advice.csv,0.04387332176220933
FemaleDatingStrategy.csv,politics.csv,0.04385707557087386
tifu.csv,baseball.csv,0.04385470800160244
leagueoflegends.csv,nfl.csv,0.04370527417752843
todayilearned.csv,soccer.csv,0.043703475887076584
AskWomen.csv,nba.csv,0.043669769677485926
australia.csv,Jokes.csv,0.043630307705047076
CryptoCurrency.csv,anime.csv,0.04350481088076655
AskReddit.csv,apple.csv,0.043499714651929436
todayilearned.csv,TwoXChromosomes.csv,0.043352684071929146
relationships.csv,TwoXChromosomes.csv,0.043301919592818
AskMen.csv,relationship_advice.csv,0.043287013798581936
MensRights.csv,AskReddit.csv,0.043214989603778384
worldnews.csv,Twitch.csv,0.04319857002025215
AskWomen.csv,MensRights.csv,0.043108520310093254
techsupport.csv,leagueoflegends.csv,0.04286735088541923
movies.csv,anime.csv,0.04282832183386667
soccer.csv,politics.csv,0.04281081522609539
Piracy.csv,apple.csv,0.04279645302049571
NoStupidQuestions.csv,NoFap.csv,0.04275598817227509
Minecraft.csv,Twitch.csv,0.04270189503274108
sysadmin.csv,buildapc.csv,0.04268894360828826
tifu.csv,teenagers.csv,0.042664495501975916
Piracy.csv,NintendoSwitch.csv,0.04261041886784002
AskReddit.csv,worldnews.csv,0.04259766301966901
mildlyinteresting.csv,AmItheAsshole.csv,0.04258993714431726
antiwork.csv,TrueOffMyChest.csv,0.04256620144568452
Cooking.csv,NintendoSwitch.csv,0.0424803504309379
anime.csv,politics.csv,0.042466054460701105
NoStupidQuestions.csv,Liberal.csv,0.04246464214841988
Liberal.csv,TrueOffMyChest.csv,0.042427839433945444
Liberal.csv,CasualUK.csv,0.042391107464604366
NintendoSwitch.csv,explainlikeimfive.csv,0.04238055991054739
Minecraft.csv,apple.csv,0.04237383191549783
australia.csv,TwoXChromosomes.csv,0.04233579369832066
TwoXChromosomes.csv,AskReddit.csv,0.04230770564930398
mildlyinteresting.csv,explainlikeimfive.csv,0.042191346605023855
todayilearned.csv,NintendoSwitch.csv,0.04216166075717528
news.csv,nba.csv,0.04199797326975192
relationships.csv,Fitness.csv,0.04199791787364248
apple.csv,Fitness.csv,0.04197327937254354
LifeProTips.csv,Twitch.csv,0.041947759284858444
AskMen.csv,LifeProTips.csv,0.04194407458160109
leagueoflegends.csv,Minecraft.csv,0.04187093381782739
relationship_advice.csv,AmItheAsshole.csv,0.04173899800039387
Cooking.csv,AskReddit.csv,0.0417096645449571
soccer.csv,apple.csv,0.041700942640251225
AskMen.csv,Fitness.csv,0.041613603149566136
MaliciousCompliance.csv,Conservative.csv,0.04159595086991275
askscience.csv,Cooking.csv,0.0415169735710391
leagueoflegends.csv,politics.csv,0.04141939628457411
MaliciousCompliance.csv,tifu.csv,0.0414033131211171
sex.csv,TrueOffMyChest.csv,0.04134761490554887
sysadmin.csv,nfl.csv,0.04131855622732902
IAmA.csv,apple.csv,0.04131296318750714
sysadmin.csv,soccer.csv,0.04122798145208432
news.csv,FemaleDatingStrategy.csv,0.041202911702473755
TrueOffMyChest.csv,Fitness.csv,0.04106802031711629
leagueoflegends.csv,soccer.csv,0.04105005342735343
mildlyinteresting.csv,Fitness.csv,0.041004447869193356
Games.csv,nfl.csv,0.040912131483003815
news.csv,LifeProTips.csv,0.04081824812838001
TrueOffMyChest.csv,Jokes.csv,0.04080468222285663
antiwork.csv,baseball.csv,0.04072313248290961
IAmA.csv,mildlyinteresting.csv,0.04069774044397079
Fitness.csv,unpopularopinion.csv,0.04063740234940276
IAmA.csv,Fitness.csv,0.04060142006383848
MaliciousCompliance.csv,MensRights.csv,0.04053727803872635
mildlyinteresting.csv,unpopularopinion.csv,0.040530332476664176
leagueoflegends.csv,todayilearned.csv,0.04052807055507276
askscience.csv,news.csv,0.040525628542530175
Jokes.csv,explainlikeimfive.csv,0.04049043083241546
buildapc.csv,leagueoflegends.csv,0.04048750699201882
AskMen.csv,Liberal.csv,0.04047687371939192
sysadmin.csv,Fitness.csv,0.040403491968357914
MensRights.csv,anime.csv,0.040394479938141305
sysadmin.csv,explainlikeimfive.csv,0.040376567559673865
IAmA.csv,TwoXChromosomes.csv,0.04037126760051766
baseball.csv,worldnews.csv,0.04007634435878589
movies.csv,Minecraft.csv,0.04003672924460387
buildapc.csv,nba.csv,0.039771160141507694
MaliciousCompliance.csv,Games.csv,0.03973459998447655
askscience.csv,worldnews.csv,0.03973178337033665
AskMen.csv,explainlikeimfive.csv,0.039656158036608866
NintendoSwitch.csv,baseball.csv,0.03958766083463513
antiwork.csv,Minecraft.csv,0.03956546710001025
movies.csv,TrueOffMyChest.csv,0.039558999284361344
Liberal.csv,copypasta.csv,0.03946982029072078
CryptoCurrency.csv,relationship_advice.csv,0.039422597535540074
nba.csv,unpopularopinion.csv,0.03927813513970808
sysadmin.csv,Games.csv,0.039272263222164754
baseball.csv,explainlikeimfive.csv,0.039270802247404944
MaliciousCompliance.csv,Fitness.csv,0.03924695599612818
MensRights.csv,sex.csv,0.03921864661154857
NintendoSwitch.csv,Conservative.csv,0.039217079746554376
techsupport.csv,teenagers.csv,0.0392006982296084
leagueoflegends.csv,CasualUK.csv,0.039179992880318655
askscience.csv,AmItheAsshole.csv,0.03914744214520918
australia.csv,Cooking.csv,0.03913981482570108
IAmA.csv,AskWomen.csv,0.039081062350773174
askscience.csv,soccer.csv,0.03903229784849336
teenagers.csv,Cooking.csv,0.03901581986794449
sysadmin.csv,NoFap.csv,0.03891692902311074
relationships.csv,tifu.csv,0.03888699017311055
teenagers.csv,anime.csv,0.038881383222131284
movies.csv,TwoXChromosomes.csv,0.03888132098214174
sex.csv,Fitness.csv,0.03886452141968022
leagueoflegends.csv,worldnews.csv,0.03881773518405417
australia.csv,nba.csv,0.03862393224426092
Jokes.csv,apple.csv,0.038441227953038865
NintendoSwitch.csv,worldnews.csv,0.03841947431870936
australia.csv,apple.csv,0.0384025437485515
NoStupidQuestions.csv,relationships.csv,0.03839459156894899
FemaleDatingStrategy.csv,NintendoSwitch.csv,0.03838419469164117
NoFap.csv,tifu.csv,0.0383134185111346
techsupport.csv,CryptoCurrency.csv,0.038256005039124956
Minecraft.csv,nba.csv,0.03822145301178599
Piracy.csv,worldnews.csv,0.0382072405605504
TwoXChromosomes.csv,Conservative.csv,0.03819781522573458
worldnews.csv,nba.csv,0.0381478882099916
relationships.csv,news.csv,0.038110581878078004
Minecraft.csv,australia.csv,0.03801846493075346
australia.csv,explainlikeimfive.csv,0.03799749728358964
sysadmin.csv,personalfinance.csv,0.03792532985190415
Games.csv,nba.csv,0.037769578759689185
tifu.csv,AmItheAsshole.csv,0.03769754367912916
askscience.csv,sex.csv,0.037655406325443036
australia.csv,Games.csv,0.037643892615449384
MensRights.csv,unpopularopinion.csv,0.03759719859672389
teenagers.csv,relationship_advice.csv,0.03752609501647226
Games.csv,politics.csv,0.037515658911914156
antiwork.csv,CryptoCurrency.csv,0.03747218708771551
sysadmin.csv,Piracy.csv,0.037470028146274814
leagueoflegends.csv,unpopularopinion.csv,0.03744262474418533
AskWomen.csv,relationship_advice.csv,0.037397662396297465
movies.csv,worldnews.csv,0.037371665136146426
TrueOffMyChest.csv,politics.csv,0.037361517355076625
teenagers.csv,Jokes.csv,0.03729160468162744
sex.csv,Twitch.csv,0.03725945659932143
CryptoCurrency.csv,AskReddit.csv,0.03709377697468639
IAmA.csv,AgainstHateSubreddits.csv,0.03708390861970236
anime.csv,nba.csv,0.03707675362206979
news.csv,Twitch.csv,0.03706970365809374
MaliciousCompliance.csv,NintendoSwitch.csv,0.0370609239787449
NoStupidQuestions.csv,anime.csv,0.03698027592132865
AskMen.csv,Twitch.csv,0.03695070975104035
soccer.csv,Games.csv,0.03694248709636803
AskWomen.csv,tifu.csv,0.03693347224416478
AskMen.csv,CasualUK.csv,0.03689019909165192
movies.csv,Conservative.csv,0.03683883577421485
leagueoflegends.csv,Liberal.csv,0.03680894765738857
sysadmin.csv,NintendoSwitch.csv,0.03676361764829731
sex.csv,TwoXChromosomes.csv,0.03674267137531629
NoFap.csv,nba.csv,0.03674237742299524
MaliciousCompliance.csv,FemaleDatingStrategy.csv,0.03666703613721496
nfl.csv,Conservative.csv,0.036586439868651864
AskReddit.csv,nfl.csv,0.036568394312399444
NoFap.csv,CryptoCurrency.csv,0.036543786015291624
sysadmin.csv,todayilearned.csv,0.03632836624289475
MaliciousCompliance.csv,AmItheAsshole.csv,0.0363049031126048
Games.csv,AskReddit.csv,0.036294890266052024
Games.csv,CasualUK.csv,0.036265018073562666
mildlyinteresting.csv,Cooking.csv,0.0361800138468923
NoFap.csv,Games.csv,0.03617522551866072
worldnews.csv,anime.csv,0.03610918497184359
Piracy.csv,tifu.csv,0.036108458290949906
techsupport.csv,copypasta.csv,0.03604507856275427
MaliciousCompliance.csv,AskReddit.csv,0.03600150185995639
NoFap.csv,australia.csv,0.03591783623218532
AskWomen.csv,mildlyinteresting.csv,0.03590276026714137
personalfinance.csv,Conservative.csv,0.03586714601750589
AskWomen.csv,TwoXChromosomes.csv,0.03582622668707727
leagueoflegends.csv,Piracy.csv,0.035709511232248865
personalfinance.csv,nfl.csv,0.03565949454818271
buildapc.csv,worldnews.csv,0.03558475282717909
TwoXChromosomes.csv,anime.csv,0.03558428806778584
todayilearned.csv,MaliciousCompliance.csv,0.035514827642255345
australia.csv,relationship_advice.csv,0.03543198904033319
australia.csv,AmItheAsshole.csv,0.03540951872741087
MaliciousCompliance.csv,australia.csv,0.035290741930696694
relationships.csv,australia.csv,0.035285655738400555
australia.csv,personalfinance.csv,0.035234765962587275
NoStupidQuestions.csv,australia.csv,0.03522429402364119
MaliciousCompliance.csv,LifeProTips.csv,0.03505181191218343
AskMen.csv,australia.csv,0.03503426159748674
TrueOffMyChest.csv,worldnews.csv,0.0349944195851182
todayilearned.csv,relationship_advice.csv,0.03495901066519276
tifu.csv,anime.csv,0.034948172662652446
tifu.csv,Twitch.csv,0.03491562488467468
IAmA.csv,AskMen.csv,0.03482980122572119
worldnews.csv,relationship_advice.csv,0.03478224672728753
teenagers.csv,LifeProTips.csv,0.03476418746828338
tifu.csv,LifeProTips.csv,0.034695437903555004
news.csv,MaliciousCompliance.csv,0.03467898381920936
NintendoSwitch.csv,nfl.csv,0.034646436883526054
apple.csv,CasualUK.csv,0.034643898457626096
copypasta.csv,apple.csv,0.03462909099006022
copypasta.csv,unpopularopinion.csv,0.034574752878192345
relationships.csv,movies.csv,0.034549074086453455
copypasta.csv,worldnews.csv,0.034548590722278415
buildapc.csv,politics.csv,0.03453821011692921
Minecraft.csv,nfl.csv,0.034524494437303016
mildlyinteresting.csv,MaliciousCompliance.csv,0.034460237364992
techsupport.csv,nba.csv,0.03444653376444833
IAmA.csv,LifeProTips.csv,0.03444118764761244
relationships.csv,MensRights.csv,0.03439596062077765
LifeProTips.csv,baseball.csv,0.03416326651347617
mildlyinteresting.csv,soccer.csv,0.03414916752240984
AmItheAsshole.csv,explainlikeimfive.csv,0.0341458413397243
australia.csv,CryptoCurrency.csv,0.03409399998980342
AskWomen.csv,australia.csv,0.033978331896645085
relationships.csv,Minecraft.csv,0.03395353825313692
NoFap.csv,AmItheAsshole.csv,0.033922643423993384
baseball.csv,Jokes.csv,0.03391694566196331
personalfinance.csv,CasualUK.csv,0.03373946115492336
CasualUK.csv,explainlikeimfive.csv,0.03358969427420424
NoStupidQuestions.csv,Games.csv,0.033581913011258145
teenagers.csv,CryptoCurrency.csv,0.03356163741984973
movies.csv,AskMen.csv,0.03355884619186532
FemaleDatingStrategy.csv,Jokes.csv,0.033540595018897265
teenagers.csv,nfl.csv,0.03347842324933384
Piracy.csv,explainlikeimfive.csv,0.03341125012534182
Cooking.csv,LifeProTips.csv,0.03340947248099857
buildapc.csv,nfl.csv,0.03340414869624692
tifu.csv,TwoXChromosomes.csv,0.0333278219013072
AskMen.csv,personalfinance.csv,0.03322849966299497
CryptoCurrency.csv,personalfinance.csv,0.03319812209023708
IAmA.csv,buildapc.csv,0.03311103432381754
leagueoflegends.csv,explainlikeimfive.csv,0.03306818221871976
buildapc.csv,AskReddit.csv,0.03305684595643893
relationships.csv,mildlyinteresting.csv,0.03305171496567712
MaliciousCompliance.csv,Jokes.csv,0.0330468060788363
IAmA.csv,politics.csv,0.03300770964864709
AgainstHateSubreddits.csv,AmItheAsshole.csv,0.03300470873282929
relationship_advice.csv,politics.csv,0.03289154340401637
TwoXChromosomes.csv,nfl.csv,0.03288724744531489
news.csv,tifu.csv,0.03288624323631527
LifeProTips.csv,Fitness.csv,0.03286504833099878
IAmA.csv,Jokes.csv,0.032856281784104144
techsupport.csv,mildlyinteresting.csv,0.03283915836927644
copypasta.csv,Fitness.csv,0.032817753808788215
IAmA.csv,CasualUK.csv,0.0328122519198861
tifu.csv,politics.csv,0.03272615731135396
leagueoflegends.csv,MensRights.csv,0.032709149012223354
MensRights.csv,australia.csv,0.03266375186837578
IAmA.csv,baseball.csv,0.03256904507310808
teenagers.csv,explainlikeimfive.csv,0.032543776029797564
NoStupidQuestions.csv,AmItheAsshole.csv,0.03250027375459755
leagueoflegends.csv,australia.csv,0.03248236341113975
NoFap.csv,MensRights.csv,0.032478725580766254
FemaleDatingStrategy.csv,baseball.csv,0.032445810792203135
MensRights.csv,tifu.csv,0.03242594768721242
sysadmin.csv,worldnews.csv,0.03242003494609601
sysadmin.csv,anime.csv,0.03241607903103997
Games.csv,baseball.csv,0.03234489174902793
sex.csv,teenagers.csv,0.032223834862048356
leagueoflegends.csv,LifeProTips.csv,0.032220594393793295
FemaleDatingStrategy.csv,personalfinance.csv,0.03220941265761453
NoStupidQuestions.csv,CasualUK.csv,0.032156163815119314
baseball.csv,anime.csv,0.03214164671145688
techsupport.csv,LifeProTips.csv,0.03203318204357204
leagueoflegends.csv,sex.csv,0.03201445817202664
LifeProTips.csv,relationship_advice.csv,0.03200400665016189
copypasta.csv,Cooking.csv,0.03198385512090746
relationships.csv,teenagers.csv,0.03195833473624397
AskWomen.csv,buildapc.csv,0.031913716419891575
teenagers.csv,Twitch.csv,0.031847429549268454
FemaleDatingStrategy.csv,Cooking.csv,0.031839402741331006
MensRights.csv,CryptoCurrency.csv,0.03173879898197417
teenagers.csv,baseball.csv,0.031656001116687225
movies.csv,relationship_advice.csv,0.03165139392574027
AskWomen.csv,explainlikeimfive.csv,0.031641601156996185
australia.csv,NintendoSwitch.csv,0.03162941941733306
tifu.csv,relationship_advice.csv,0.031610466733745915
tifu.csv,Jokes.csv,0.03156875361414246
unpopularopinion.csv,CasualUK.csv,0.031546253017800896
movies.csv,AmItheAsshole.csv,0.031522869923359065
news.csv,Fitness.csv,0.03148700365503487
FemaleDatingStrategy.csv,unpopularopinion.csv,0.03148540586229574
baseball.csv,Twitch.csv,0.031419219752297015
relationships.csv,apple.csv,0.03134335085851715
Minecraft.csv,LifeProTips.csv,0.031251846263159064
Minecraft.csv,CasualUK.csv,0.03124099864935262
IAmA.csv,soccer.csv,0.031188311217282327
movies.csv,CryptoCurrency.csv,0.031147441141454804
worldnews.csv,AmItheAsshole.csv,0.031113610090809728
sysadmin.csv,mildlyinteresting.csv,0.031055321309414397
movies.csv,NoFap.csv,0.031031970337943863
antiwork.csv,Conservative.csv,0.03096546323448717
NoStupidQuestions.csv,Minecraft.csv,0.030947409123907782
buildapc.csv,antiwork.csv,0.03093776724484765
AskReddit.csv,nba.csv,0.030862535902359208
sysadmin.csv,Jokes.csv,0.030847481039187982
buildapc.csv,CryptoCurrency.csv,0.030831798572911774
mildlyinteresting.csv,Piracy.csv,0.03072582212193286
relationships.csv,NintendoSwitch.csv,0.030721527776631462
AskWomen.csv,soccer.csv,0.03072124451013657
movies.csv,Jokes.csv,0.03063246104104627
AskReddit.csv,Twitch.csv,0.030550528512858673
sysadmin.csv,NoStupidQuestions.csv,0.030430035601654123
movies.csv,sex.csv,0.030407977352594564
copypasta.csv,TrueOffMyChest.csv,0.03037567489111308
CryptoCurrency.csv,nba.csv,0.030367731458173182
CryptoCurrency.csv,politics.csv,0.030324395246848698
CryptoCurrency.csv,CasualUK.csv,0.030312608191243554
TwoXChromosomes.csv,Fitness.csv,0.030302971282468665
sex.csv,Jokes.csv,0.030290615818142175
techsupport.csv,CasualUK.csv,0.030215797719911175
MensRights.csv,Minecraft.csv,0.030059731413748382
NintendoSwitch.csv,relationship_advice.csv,0.030043695432639687
AskReddit.csv,CasualUK.csv,0.030037378650049937
tifu.csv,apple.csv,0.03002687449426349
IAmA.csv,Games.csv,0.030025876583185077
sysadmin.csv,nba.csv,0.029905818594716988
TwoXChromosomes.csv,CasualUK.csv,0.029903167401465126
sysadmin.csv,unpopularopinion.csv,0.029883958650857113
NoFap.csv,nfl.csv,0.029816185229412095
relationships.csv,anime.csv,0.02981481691460848
leagueoflegends.csv,copypasta.csv,0.029757985670388697
nfl.csv,unpopularopinion.csv,0.02975150722698526
TrueOffMyChest.csv,anime.csv,0.029732874261615375
news.csv,copypasta.csv,0.029680815293911613
NintendoSwitch.csv,politics.csv,0.029672518257779928
relationships.csv,politics.csv,0.02967124465151242
MensRights.csv,teenagers.csv,0.029640836654998625
IAmA.csv,sysadmin.csv,0.029607669589731198
NoFap.csv,Conservative.csv,0.029589458659893195
buildapc.csv,anime.csv,0.02950346924515858
todayilearned.csv,AmItheAsshole.csv,0.02935055507687365
antiwork.csv,Jokes.csv,0.029263940498860316
buildapc.csv,NoFap.csv,0.029243975155646224
Piracy.csv,unpopularopinion.csv,0.02918604504663702
NintendoSwitch.csv,LifeProTips.csv,0.02914309593777789
soccer.csv,relationship_advice.csv,0.02914152542034043
personalfinance.csv,unpopularopinion.csv,0.02913419405001664
relationships.csv,todayilearned.csv,0.02911856563591295
IAmA.csv,leagueoflegends.csv,0.029099797749920706
mildlyinteresting.csv,NoFap.csv,0.029072499776274185
movies.csv,Fitness.csv,0.029030470612039564
NoFap.csv,NintendoSwitch.csv,0.029015055815386295
Fitness.csv,AmItheAsshole.csv,0.028982803115996936
Twitch.csv,politics.csv,0.028959534079393643
movies.csv,tifu.csv,0.028913997700516177
MensRights.csv,Games.csv,0.02887900174079869
tifu.csv,Cooking.csv,0.028869731102260054
politics.csv,unpopularopinion.csv,0.02882101497077417
techsupport.csv,Piracy.csv,0.0288013709181874
AskWomen.csv,nfl.csv,0.028792129343435308
MensRights.csv,Twitch.csv,0.028746341012188165
relationships.csv,Cooking.csv,0.028730692346209497
Cooking.csv,Jokes.csv,0.028724056196701615
LifeProTips.csv,apple.csv,0.02872248745474111
Games.csv,worldnews.csv,0.028711815168809857
sex.csv,relationship_advice.csv,0.028709074578546948
movies.csv,politics.csv,0.02868178625064844
leagueoflegends.csv,AskReddit.csv,0.028679270564246878
tifu.csv,CryptoCurrency.csv,0.02864214212474005
IAmA.csv,AmItheAsshole.csv,0.0286396583888459
Jokes.csv,worldnews.csv,0.028638148689159083
IAmA.csv,movies.csv,0.028626356081427086
sex.csv,LifeProTips.csv,0.028613144819505033
sysadmin.csv,FemaleDatingStrategy.csv,0.02847234321631749
IAmA.csv,nba.csv,0.0284472914611311
techsupport.csv,australia.csv,0.02843532246828723
mildlyinteresting.csv,personalfinance.csv,0.028425595266245503
NoStupidQuestions.csv,nba.csv,0.028378819577700207
Games.csv,anime.csv,0.02837451527420714
askscience.csv,TwoXChromosomes.csv,0.028195533788014725
sysadmin.csv,AskMen.csv,0.02814890840058573
leagueoflegends.csv,relationship_advice.csv,0.028136071605640835
buildapc.csv,apple.csv,0.027965655054148993
techsupport.csv,Liberal.csv,0.02794784369029281
personalfinance.csv,AmItheAsshole.csv,0.027882185724502028
anime.csv,Twitch.csv,0.027875264272403145
todayilearned.csv,nfl.csv,0.02785165327621162
sysadmin.csv,TwoXChromosomes.csv,0.02781845390967872
todayilearned.csv,Fitness.csv,0.027776762532505914
Games.csv,AmItheAsshole.csv,0.027745266434074784
LifeProTips.csv,CasualUK.csv,0.027714883690610936
Liberal.csv,personalfinance.csv,0.027702417148879888
sysadmin.csv,leagueoflegends.csv,0.02769466965677233
TwoXChromosomes.csv,Cooking.csv,0.02768499553187355
LifeProTips.csv,CryptoCurrency.csv,0.027636830848685078
Cooking.csv,politics.csv,0.027609466757669482
teenagers.csv,AgainstHateSubreddits.csv,0.02760085620190029
leagueoflegends.csv,tifu.csv,0.02757615561479486
AskMen.csv,unpopularopinion.csv,0.02757215093616667
NoFap.csv,Fitness.csv,0.02749130183066894
TwoXChromosomes.csv,AmItheAsshole.csv,0.02748118273968044
baseball.csv,Fitness.csv,0.02747926907254735
MaliciousCompliance.csv,politics.csv,0.027473954632839234
LifeProTips.csv,Jokes.csv,0.02745970008248526
Minecraft.csv,unpopularopinion.csv,0.02745907961007614
baseball.csv,relationship_advice.csv,0.027353335868448223
Games.csv,explainlikeimfive.csv,0.027333776787837553
Cooking.csv,nfl.csv,0.027329590798715414
sysadmin.csv,AmItheAsshole.csv,0.027323106051913803
techsupport.csv,NoFap.csv,0.027310658817567883
Piracy.csv,CryptoCurrency.csv,0.027295399993702476
IAmA.csv,sex.csv,0.027287074917114375
tifu.csv,explainlikeimfive.csv,0.02728566911478584
IAmA.csv,Minecraft.csv,0.02728479212420192
MensRights.csv,NintendoSwitch.csv,0.02724063984558744
relationships.csv,sex.csv,0.027141244979936086
relationships.csv,baseball.csv,0.027129823003704444
techsupport.csv,buildapc.csv,0.02707241705860788
Fitness.csv,nba.csv,0.027040807613475368
LifeProTips.csv,nfl.csv,0.02697656173513742
antiwork.csv,CasualUK.csv,0.026934440464817383
IAmA.csv,relationship_advice.csv,0.02689897552948311
MensRights.csv,AskMen.csv,0.026865754875467118
Piracy.csv,soccer.csv,0.026857683576271052
sysadmin.csv,AskReddit.csv,0.02684803031475277
IAmA.csv,Cooking.csv,0.026804116857020836
MensRights.csv,nba.csv,0.026757285132931383
AgainstHateSubreddits.csv,nba.csv,0.026698538205267974
tifu.csv,australia.csv,0.02669733934487558
copypasta.csv,Jokes.csv,0.026634312052198832
soccer.csv,explainlikeimfive.csv,0.02657055259828632
NoStupidQuestions.csv,nfl.csv,0.02641699107266642
NoFap.csv,worldnews.csv,0.026397694867754416
sex.csv,AmItheAsshole.csv,0.026326865357499476
personalfinance.csv,apple.csv,0.02626849078290621
teenagers.csv,apple.csv,0.026268354169500702
Jokes.csv,Fitness.csv,0.02612478109646131
antiwork.csv,relationship_advice.csv,0.02611075755180379
MensRights.csv,soccer.csv,0.02609161571264734
baseball.csv,unpopularopinion.csv,0.02608314031114436
MaliciousCompliance.csv,baseball.csv,0.02604205871203599
relationship_advice.csv,explainlikeimfive.csv,0.02602505013974816
baseball.csv,AmItheAsshole.csv,0.026024550314326995
teenagers.csv,worldnews.csv,0.026003504265750238
Piracy.csv,AskReddit.csv,0.02598015374941347
FemaleDatingStrategy.csv,Conservative.csv,0.025951996150403004
mildlyinteresting.csv,copypasta.csv,0.025914772229842762
movies.csv,AgainstHateSubreddits.csv,0.025841859829477024
MaliciousCompliance.csv,soccer.csv,0.025829143275070666
MaliciousCompliance.csv,nfl.csv,0.0258259449861105
Piracy.csv,anime.csv,0.02581446115820974
todayilearned.csv,CryptoCurrency.csv,0.02578555471178002
MensRights.csv,TrueOffMyChest.csv,0.025753836598026096
Cooking.csv,CryptoCurrency.csv,0.02561852023964055
askscience.csv,AskReddit.csv,0.025611386330886585
apple.csv,Conservative.csv,0.025610289776002125
NoFap.csv,unpopularopinion.csv,0.025587497444756337
askscience.csv,Piracy.csv,0.025537168241659164
movies.csv,australia.csv,0.02553221457337929
mildlyinteresting.csv,relationship_advice.csv,0.0255203532511738
leagueoflegends.csv,FemaleDatingStrategy.csv,0.025467895599938766
relationships.csv,nfl.csv,0.02545867556744671
relationships.csv,personalfinance.csv,0.02543780837679755
askscience.csv,TrueOffMyChest.csv,0.025323195154869478
news.csv,AmItheAsshole.csv,0.02529435378395388
nfl.csv,AgainstHateSubreddits.csv,0.02526738242373961
LifeProTips.csv,nba.csv,0.02514883899891215
leagueoflegends.csv,teenagers.csv,0.025076008194480436
NoStupidQuestions.csv,personalfinance.csv,0.025054014253105918
AskWomen.csv,Liberal.csv,0.025019562936386016
NoStupidQuestions.csv,movies.csv,0.024998621224101625
AgainstHateSubreddits.csv,politics.csv,0.024998054752126134
NoFap.csv,Liberal.csv,0.024993926054841936
buildapc.csv,Games.csv,0.02497583484597274
soccer.csv,LifeProTips.csv,0.024974757468927383
MaliciousCompliance.csv,worldnews.csv,0.024877340429443638
Minecraft.csv,Conservative.csv,0.02477647186860505
TrueOffMyChest.csv,AgainstHateSubreddits.csv,0.024725549729358844
Piracy.csv,AmItheAsshole.csv,0.02471794923522822
relationships.csv,MaliciousCompliance.csv,0.02468382445182287
AskWomen.csv,Fitness.csv,0.024660250733665415
askscience.csv,CasualUK.csv,0.024626655479656718
CryptoCurrency.csv,nfl.csv,0.02460825529491777
NoStupidQuestions.csv,buildapc.csv,0.02459752268755971
copypasta.csv,politics.csv,0.02451240669998674
AmItheAsshole.csv,CasualUK.csv,0.024450345318385344
tifu.csv,sex.csv,0.024346192277495845
relationships.csv,CasualUK.csv,0.024199452681320552
antiwork.csv,TwoXChromosomes.csv,0.024097782421912427
sex.csv,NintendoSwitch.csv,0.024076390019462143
TrueOffMyChest.csv,apple.csv,0.02405464739301181
buildapc.csv,Twitch.csv,0.024022494543965402
AskWomen.csv,Games.csv,0.024007120160801795
personalfinance.csv,AgainstHateSubreddits.csv,0.023979426122891216
nfl.csv,relationship_advice.csv,0.023955354085781887
relationships.csv,LifeProTips.csv,0.023952722556655467
leagueoflegends.csv,AmItheAsshole.csv,0.02395241693604456
anime.csv,Fitness.csv,0.023899740608391118
todayilearned.csv,sex.csv,0.023775020509560065
anime.csv,AmItheAsshole.csv,0.02377463524677015
personalfinance.csv,relationship_advice.csv,0.023697250573595768
buildapc.csv,tifu.csv,0.02368221010047595
Conservative.csv,nba.csv,0.023658813531074636
sysadmin.csv,Cooking.csv,0.023642996059920873
news.csv,NintendoSwitch.csv,0.023608443454683093
askscience.csv,Minecraft.csv,0.0236006759282738
sysadmin.csv,LifeProTips.csv,0.02352597499764967
sex.csv,anime.csv,0.023492375551387966
askscience.csv,copypasta.csv,0.023463586724829035
IAmA.csv,Liberal.csv,0.023427835304040072
NintendoSwitch.csv,personalfinance.csv,0.023407519405415807
sysadmin.csv,relationship_advice.csv,0.023287861904726474
Games.csv,LifeProTips.csv,0.023078215099241642
news.csv,personalfinance.csv,0.022993118514467014
Piracy.csv,sex.csv,0.02297434516271157
soccer.csv,teenagers.csv,0.022917668437660174
techsupport.csv,personalfinance.csv,0.022900490101729024
sex.csv,soccer.csv,0.02283496682406759
Jokes.csv,relationship_advice.csv,0.022823523919047465
sysadmin.csv,Liberal.csv,0.022823475883617807
Games.csv,Fitness.csv,0.02276128208483104
LifeProTips.csv,Conservative.csv,0.02270777656449761
Minecraft.csv,AgainstHateSubreddits.csv,0.02264485192803172
Fitness.csv,relationship_advice.csv,0.0225456491889549
Fitness.csv,politics.csv,0.02251996759639714
NoFap.csv,soccer.csv,0.02250819729802793
antiwork.csv,Cooking.csv,0.02246600900715495
CryptoCurrency.csv,Conservative.csv,0.02245794093440849
buildapc.csv,baseball.csv,0.022434941422865236
sysadmin.csv,MaliciousCompliance.csv,0.02241753265189398
Games.csv,CryptoCurrency.csv,0.02238652772240517
NintendoSwitch.csv,CryptoCurrency.csv,0.02232405183983984
mildlyinteresting.csv,CryptoCurrency.csv,0.02231379493889192
anime.csv,unpopularopinion.csv,0.0222959174841153
antiwork.csv,unpopularopinion.csv,0.022254436167064625
sex.csv,copypasta.csv,0.022153194572168453
nba.csv,explainlikeimfive.csv,0.022117815903656298
relationships.csv,Twitch.csv,0.02203791803065084
TwoXChromosomes.csv,relationship_advice.csv,0.022009335332295786
NoStupidQuestions.csv,sex.csv,0.0220058984154295
Cooking.csv,baseball.csv,0.0219320789006511
leagueoflegends.csv,CryptoCurrency.csv,0.021902958976558116
askscience.csv,FemaleDatingStrategy.csv,0.021818242400319855
AmItheAsshole.csv,politics.csv,0.02177902238668075
todayilearned.csv,Cooking.csv,0.021743967064206705
todayilearned.csv,AgainstHateSubreddits.csv,0.021691393243309758
Liberal.csv,AgainstHateSubreddits.csv,0.02168963481733531
leagueoflegends.csv,personalfinance.csv,0.02163486285254112
relationships.csv,leagueoflegends.csv,0.02160202264554323
leagueoflegends.csv,Jokes.csv,0.02159488784512823
TwoXChromosomes.csv,NintendoSwitch.csv,0.02155179709490005
NintendoSwitch.csv,AskReddit.csv,0.021527994914101033
NoFap.csv,TwoXChromosomes.csv,0.021510306462977198
FemaleDatingStrategy.csv,nba.csv,0.021472566045307444
leagueoflegends.csv,TwoXChromosomes.csv,0.021369079317817313
buildapc.csv,NintendoSwitch.csv,0.021316091207322495
CryptoCurrency.csv,explainlikeimfive.csv,0.02124863252871631
news.csv,AgainstHateSubreddits.csv,0.0211172301004594
askscience.csv,NintendoSwitch.csv,0.021063749787808613
movies.csv,MaliciousCompliance.csv,0.021055279079200233
TwoXChromosomes.csv,LifeProTips.csv,0.02101712779719933
Minecraft.csv,anime.csv,0.02099352950675023
relationships.csv,Conservative.csv,0.020981772962645903
nfl.csv,explainlikeimfive.csv,0.0209500104145543
baseball.csv,Conservative.csv,0.020918464510463204
soccer.csv,anime.csv,0.0208991838939007
buildapc.csv,MensRights.csv,0.020867790227401973
antiwork.csv,Liberal.csv,0.02084639607497856
soccer.csv,TwoXChromosomes.csv,0.020844931241566923
Piracy.csv,MaliciousCompliance.csv,0.020786826872896555
relationships.csv,soccer.csv,0.02074665169364841
askscience.csv,LifeProTips.csv,0.020726553059330133
MaliciousCompliance.csv,explainlikeimfive.csv,0.0206928308635893
tifu.csv,NintendoSwitch.csv,0.02066686587471345
copypasta.csv,CasualUK.csv,0.020634172208590477
Conservative.csv,politics.csv,0.02043387572177713
MaliciousCompliance.csv,relationship_advice.csv,0.02037791711135226
FemaleDatingStrategy.csv,CasualUK.csv,0.02036584325462651
FemaleDatingStrategy.csv,tifu.csv,0.020360110882439428
tifu.csv,worldnews.csv,0.020348729120148776
sysadmin.csv,Twitch.csv,0.02032448186267663
FemaleDatingStrategy.csv,worldnews.csv,0.020300776895147386
relationships.csv,copypasta.csv,0.020240947487050142
buildapc.csv,todayilearned.csv,0.020175811918976157
AskMen.csv,nfl.csv,0.020147842518817703
askscience.csv,NoStupidQuestions.csv,0.02013835354983027
FemaleDatingStrategy.csv,Fitness.csv,0.0201290198310952
Piracy.csv,Fitness.csv,0.020099890974102308
Jokes.csv,Twitch.csv,0.020079447148087494
AskWomen.csv,copypasta.csv,0.02005625039662101
Games.csv,AgainstHateSubreddits.csv,0.02003018017591599
AskWomen.csv,askscience.csv,0.020014261097206158
baseball.csv,CasualUK.csv,0.019883824408685177
FemaleDatingStrategy.csv,soccer.csv,0.019865534899278624
personalfinance.csv,baseball.csv,0.01985418049622831
IAmA.csv,relationships.csv,0.019841193676529742
buildapc.csv,sex.csv,0.019792071299905005
FemaleDatingStrategy.csv,AskReddit.csv,0.01978521165539701
IAmA.csv,MensRights.csv,0.019708124859914872
askscience.csv,anime.csv,0.01970692699477096
tifu.csv,nba.csv,0.019638226103522845
australia.csv,Conservative.csv,0.019619855843928106
todayilearned.csv,Games.csv,0.019517616708594632
TwoXChromosomes.csv,apple.csv,0.019508431918113925
soccer.csv,Jokes.csv,0.01946950737370582
techsupport.csv,baseball.csv,0.019448316636543665
techsupport.csv,tifu.csv,0.019414969331029285
buildapc.csv,Minecraft.csv,0.019409058237434197
NoStupidQuestions.csv,LifeProTips.csv,0.01925377477536928
Jokes.csv,anime.csv,0.01916605514959705
AgainstHateSubreddits.csv,anime.csv,0.019147595030278977
Games.csv,relationship_advice.csv,0.019073392038708097
LifeProTips.csv,anime.csv,0.01905829953172386
personalfinance.csv,TrueOffMyChest.csv,0.019042580721105755
movies.csv,unpopularopinion.csv,0.019037398252532128
techsupport.csv,TwoXChromosomes.csv,0.01895498471864049
Liberal.csv,NintendoSwitch.csv,0.018951499111293596
techsupport.csv,Jokes.csv,0.018942871373148512
techsupport.csv,todayilearned.csv,0.018908854308202088
Jokes.csv,Conservative.csv,0.018903107735855663
CryptoCurrency.csv,AgainstHateSubreddits.csv,0.018894768566551996
soccer.csv,Fitness.csv,0.01882716290305702
politics.csv,explainlikeimfive.csv,0.018757426015272284
askscience.csv,australia.csv,0.018738239659641488
askscience.csv,CryptoCurrency.csv,0.018731932326035476
todayilearned.csv,copypasta.csv,0.018689843912396854
copypasta.csv,AskReddit.csv,0.018630551458903875
MensRights.csv,personalfinance.csv,0.01854820924167644
Piracy.csv,Conservative.csv,0.018528769988107246
techsupport.csv,soccer.csv,0.01850453632037439
AskReddit.csv,anime.csv,0.018439564870280825
NoStupidQuestions.csv,copypasta.csv,0.01842019844972488
IAmA.csv,anime.csv,0.01840647998888262
IAmA.csv,CryptoCurrency.csv,0.018378711412894568
askscience.csv,relationships.csv,0.018363733662012126
tifu.csv,soccer.csv,0.018338594251521446
IAmA.csv,Conservative.csv,0.018301437139789566
worldnews.csv,unpopularopinion.csv,0.018210327515815326
Jokes.csv,nba.csv,0.01813310891342587
Minecraft.csv,tifu.csv,0.018114031475777562
AskMen.csv,copypasta.csv,0.018091406284313175
IAmA.csv,NoFap.csv,0.018082188869721016
MaliciousCompliance.csv,anime.csv,0.018016029406253152
buildapc.csv,Jokes.csv,0.017975491395906783
relationships.csv,AgainstHateSubreddits.csv,0.01783548161544153
MensRights.csv,TwoXChromosomes.csv,0.01781832656325613
movies.csv,antiwork.csv,0.017683307065794084
Cooking.csv,CasualUK.csv,0.01767522198223772
Piracy.csv,TwoXChromosomes.csv,0.017534219327604607
sex.csv,baseball.csv,0.017457310630787447
AskReddit.csv,Conservative.csv,0.017432322442426623
tifu.csv,personalfinance.csv,0.01738435206001048
nba.csv,politics.csv,0.017332126518869975
movies.csv,MensRights.csv,0.017313632331382053
mildlyinteresting.csv,nba.csv,0.017265984396817126
buildapc.csv,soccer.csv,0.017169214680191582
soccer.csv,NintendoSwitch.csv,0.01706872550318757
askscience.csv,MaliciousCompliance.csv,0.017047932356461522
NoStupidQuestions.csv,soccer.csv,0.017005053099218004
TwoXChromosomes.csv,CryptoCurrency.csv,0.01690228978091033
MensRights.csv,Jokes.csv,0.016888932202259548
buildapc.csv,Piracy.csv,0.016862983792088778
tifu.csv,Games.csv,0.016810735319660847
Minecraft.csv,explainlikeimfive.csv,0.01673673436603134
antiwork.csv,sex.csv,0.016680353582864307
Games.csv,Conservative.csv,0.016623884597337775
NintendoSwitch.csv,Fitness.csv,0.016595818041748468
relationship_advice.csv,nba.csv,0.016457199629950056
soccer.csv,unpopularopinion.csv,0.016237347886446284
antiwork.csv,Twitch.csv,0.016199804096426813
Cooking.csv,TrueOffMyChest.csv,0.016179253582980266
AskMen.csv,AgainstHateSubreddits.csv,0.016132665006798802
Minecraft.csv,worldnews.csv,0.016120966335694813
techsupport.csv,sex.csv,0.016108076213207066
soccer.csv,AmItheAsshole.csv,0.01607137778812565
soccer.csv,Conservative.csv,0.016037145350570756
todayilearned.csv,anime.csv,0.016031830130711536
TwoXChromosomes.csv,nba.csv,0.015891285683794148
copypasta.csv,australia.csv,0.01581011609850212
TrueOffMyChest.csv,Conservative.csv,0.01580464639775286
todayilearned.csv,personalfinance.csv,0.01577025470961528
buildapc.csv,LifeProTips.csv,0.01576610629516191
NoStupidQuestions.csv,Conservative.csv,0.01576401027733336
sysadmin.csv,Minecraft.csv,0.015694517802558226
AskMen.csv,apple.csv,0.01568498171348873
buildapc.csv,TwoXChromosomes.csv,0.015651881068753388
AskMen.csv,NintendoSwitch.csv,0.015646197772404863
Piracy.csv,Jokes.csv,0.015626575607598864
techsupport.csv,NoStupidQuestions.csv,0.015608876331112846
relationships.csv,Piracy.csv,0.015569511255629716
teenagers.csv,NintendoSwitch.csv,0.015435589183859646
relationships.csv,Jokes.csv,0.015434597804747978
MaliciousCompliance.csv,AskMen.csv,0.01532882853134981
nba.csv,AmItheAsshole.csv,0.015283450881613996
sysadmin.csv,AskWomen.csv,0.015276838937245036
australia.csv,Twitch.csv,0.015265910895720363
apple.csv,explainlikeimfive.csv,0.015208172923829075
TwoXChromosomes.csv,unpopularopinion.csv,0.015196140360896528
news.csv,CryptoCurrency.csv,0.015159104786308098
copypasta.csv,Twitch.csv,0.015146462840826328
soccer.csv,copypasta.csv,0.01510959353005457
askscience.csv,Games.csv,0.01510519222186614
askscience.csv,AskMen.csv,0.015043148718905601
sex.csv,australia.csv,0.014951888888265666
Games.csv,Jokes.csv,0.01493167960859678
IAmA.csv,MaliciousCompliance.csv,0.014924355795240506
antiwork.csv,explainlikeimfive.csv,0.014828042764176229
IAmA.csv,personalfinance.csv,0.014570742214449324
LifeProTips.csv,personalfinance.csv,0.01457038448109424
mildlyinteresting.csv,Twitch.csv,0.014548110534848765
relationships.csv,FemaleDatingStrategy.csv,0.01449696409005464
buildapc.csv,australia.csv,0.014406094956723143
MensRights.csv,LifeProTips.csv,0.014365235033185545
soccer.csv,CasualUK.csv,0.014276408800512572
leagueoflegends.csv,MaliciousCompliance.csv,0.01426246934192037
Cooking.csv,anime.csv,0.014257276154700842
tifu.csv,nfl.csv,0.01415700350956845
relationships.csv,Games.csv,0.014111160158008996
relationships.csv,nba.csv,0.014085556499278225
NoStupidQuestions.csv,MensRights.csv,0.013967032673968038
relationships.csv,antiwork.csv,0.013919636621857254
NoFap.csv,apple.csv,0.013825023623116588
Piracy.csv,nba.csv,0.013819546472404121
MaliciousCompliance.csv,nba.csv,0.013816993836899836
AskWomen.csv,worldnews.csv,0.013782449887811545
news.csv,Minecraft.csv,0.013775227704928459
sysadmin.csv,sex.csv,0.013765307709570811
MaliciousCompliance.csv,CryptoCurrency.csv,0.013702018056515063
Conservative.csv,anime.csv,0.01369826488521156
CryptoCurrency.csv,Jokes.csv,0.013543287406089205
NoFap.csv,anime.csv,0.013394188268115968
tifu.csv,copypasta.csv,0.013291455529753282
teenagers.csv,Games.csv,0.013281770743180623
Cooking.csv,nba.csv,0.0132364838539743
Jokes.csv,AmItheAsshole.csv,0.01321539591979859
australia.csv,AgainstHateSubreddits.csv,0.013193887100626212
askscience.csv,tifu.csv,0.013187497836958172
apple.csv,unpopularopinion.csv,0.012998384353989917
MaliciousCompliance.csv,unpopularopinion.csv,0.012949162226444757
Liberal.csv,Fitness.csv,0.012856942199074479
news.csv,sex.csv,0.012827328611302174
Conservative.csv,explainlikeimfive.csv,0.012821123994794627
Cooking.csv,worldnews.csv,0.012793792890606545
antiwork.csv,Fitness.csv,0.012782815930428328
sex.csv,politics.csv,0.012690370148821167
relationships.csv,worldnews.csv,0.012630803489476579
askscience.csv,relationship_advice.csv,0.012583082049722557
Minecraft.csv,copypasta.csv,0.012515078441259844
askscience.csv,leagueoflegends.csv,0.012513067923452846
leagueoflegends.csv,Conservative.csv,0.012505508997797662
AskMen.csv,soccer.csv,0.012490410935384309
techsupport.csv,AgainstHateSubreddits.csv,0.012441011359164105
MensRights.csv,CasualUK.csv,0.012401500454542903
MaliciousCompliance.csv,CasualUK.csv,0.012358996589446966
mildlyinteresting.csv,nfl.csv,0.012296880251342557
NintendoSwitch.csv,CasualUK.csv,0.01224344107431401
techsupport.csv,news.csv,0.012049505297415055
FemaleDatingStrategy.csv,Twitch.csv,0.01197502476477739
MensRights.csv,nfl.csv,0.011946492779765672
Games.csv,Twitch.csv,0.011855702851562754
Conservative.csv,unpopularopinion.csv,0.011819635937805132
AskMen.csv,Conservative.csv,0.011793672016710862
antiwork.csv,FemaleDatingStrategy.csv,0.011771736675551422
NoStupidQuestions.csv,NintendoSwitch.csv,0.011723804386959157
worldnews.csv,CasualUK.csv,0.011722310761068631
askscience.csv,movies.csv,0.011709553321449006
Piracy.csv,todayilearned.csv,0.011578575002813429
soccer.csv,personalfinance.csv,0.01155894272010384
antiwork.csv,apple.csv,0.01149211284969675
MensRights.csv,copypasta.csv,0.01145565563114937
todayilearned.csv,Conservative.csv,0.011447667193932823
Piracy.csv,personalfinance.csv,0.011377286949299733
leagueoflegends.csv,Games.csv,0.011362382705775633
sysadmin.csv,askscience.csv,0.01135262327180834
tifu.csv,AgainstHateSubreddits.csv,0.011262565477757003
sex.csv,worldnews.csv,0.011240302801280333
Conservative.csv,AmItheAsshole.csv,0.011150822095554855
TwoXChromosomes.csv,baseball.csv,0.011123070182789987
antiwork.csv,copypasta.csv,0.011033459027118575
sysadmin.csv,CasualUK.csv,0.011014069290192675
IAmA.csv,teenagers.csv,0.010950421239843296
Minecraft.csv,TwoXChromosomes.csv,0.010946275403379061
personalfinance.csv,Jokes.csv,0.010931834566575867
sysadmin.csv,copypasta.csv,0.01091750198155668
LifeProTips.csv,explainlikeimfive.csv,0.01083452954676823
AskMen.csv,anime.csv,0.010643796691935103
IAmA.csv,FemaleDatingStrategy.csv,0.010594001008257786
apple.csv,relationship_advice.csv,0.0105099630338819
LifeProTips.csv,TrueOffMyChest.csv,0.010490184868293721
NoStupidQuestions.csv,CryptoCurrency.csv,0.0104018041316893
techsupport.csv,relationships.csv,0.01033737422192342
personalfinance.csv,anime.csv,0.010337262536555775
MensRights.csv,AmItheAsshole.csv,0.010272004170917306
NoFap.csv,copypasta.csv,0.01025536607092518
NintendoSwitch.csv,AmItheAsshole.csv,0.010216188592392325
IAmA.csv,techsupport.csv,0.010193126919456511
Twitch.csv,explainlikeimfive.csv,0.010069807267497677
NoStupidQuestions.csv,Cooking.csv,0.010032521573305461
movies.csv,personalfinance.csv,0.010027982070783268
relationships.csv,buildapc.csv,0.009959577662844523
buildapc.csv,explainlikeimfive.csv,0.009680926264513218
copypasta.csv,teenagers.csv,0.00964277213876413
Piracy.csv,MensRights.csv,0.00952406617138974
Minecraft.csv,AskReddit.csv,0.009516899174680106
MaliciousCompliance.csv,Cooking.csv,0.009492616792180825
CryptoCurrency.csv,worldnews.csv,0.009451872786045106
copypasta.csv,AmItheAsshole.csv,0.009418359755182943
Piracy.csv,Minecraft.csv,0.009347644418446932
sex.csv,nfl.csv,0.009298941783719494
MaliciousCompliance.csv,TwoXChromosomes.csv,0.009241151373062452
sysadmin.csv,teenagers.csv,0.009171260873857702
AskWomen.csv,CasualUK.csv,0.009160528837048229
AskWomen.csv,techsupport.csv,0.009151647901001564
TwoXChromosomes.csv,explainlikeimfive.csv,0.009074078096579875
soccer.csv,Cooking.csv,0.009048050702146893
techsupport.csv,TrueOffMyChest.csv,0.009043853624002448
IAmA.csv,nfl.csv,0.008965928601365613
copypasta.csv,nba.csv,0.008818500157374442
copypasta.csv,baseball.csv,0.008757786471060833
buildapc.csv,AgainstHateSubreddits.csv,0.008614987596195731
FemaleDatingStrategy.csv,apple.csv,0.008589137814362687
tifu.csv,CasualUK.csv,0.008577939550904808
sex.csv,nba.csv,0.008551008937494125
askscience.csv,NoFap.csv,0.008465428350298173
Minecraft.csv,TrueOffMyChest.csv,0.00844731478559444
FemaleDatingStrategy.csv,australia.csv,0.008431879663954096
MensRights.csv,FemaleDatingStrategy.csv,0.008324584007983773
techsupport.csv,antiwork.csv,0.008323815817823226
antiwork.csv,australia.csv,0.008307337985603487
Twitch.csv,CasualUK.csv,0.008104931598907666
teenagers.csv,Fitness.csv,0.008099741051555056
Minecraft.csv,Games.csv,0.00795957959613673
antiwork.csv,tifu.csv,0.007944552664756918
relationships.csv,explainlikeimfive.csv,0.007935869841104264
nfl.csv,Twitch.csv,0.007739514850745976
copypasta.csv,Conservative.csv,0.007694285138514096
TwoXChromosomes.csv,Jokes.csv,0.007672306842688607
buildapc.csv,copypasta.csv,0.007640729353151281
NoFap.csv,MaliciousCompliance.csv,0.007508903611116717
AgainstHateSubreddits.csv,worldnews.csv,0.00723729414845806
AskReddit.csv,AgainstHateSubreddits.csv,0.007162824824586019
copypasta.csv,nfl.csv,0.007103191401355725
Games.csv,Cooking.csv,0.007054148620324822
techsupport.csv,politics.csv,0.0068663445574374295
AskWomen.csv,Minecraft.csv,0.006833117521280071
movies.csv,CasualUK.csv,0.006729270655522582
NintendoSwitch.csv,TrueOffMyChest.csv,0.0066386379038714085
FemaleDatingStrategy.csv,explainlikeimfive.csv,0.006604938303892334
askscience.csv,AgainstHateSubreddits.csv,0.006560502295683265
sex.csv,Conservative.csv,0.006548268684200231
NoStupidQuestions.csv,FemaleDatingStrategy.csv,0.006530074491882769
CryptoCurrency.csv,baseball.csv,0.006417580183830339
copypasta.csv,Games.csv,0.006250839428511202
mildlyinteresting.csv,sex.csv,0.006234012555712237
NoFap.csv,Twitch.csv,0.006098447762662127
TwoXChromosomes.csv,politics.csv,0.006094936429248267
antiwork.csv,AmItheAsshole.csv,0.005959216938043459
Games.csv,TwoXChromosomes.csv,0.005918492095448058
sysadmin.csv,Conservative.csv,0.005862225870363494
MensRights.csv,AgainstHateSubreddits.csv,0.005617112903636659
anime.csv,relationship_advice.csv,0.005570926143807175
AgainstHateSubreddits.csv,CasualUK.csv,0.005569620026978913
MaliciousCompliance.csv,personalfinance.csv,0.005444436292670603
relationship_advice.csv,Twitch.csv,0.005370009850988162
Cooking.csv,AgainstHateSubreddits.csv,0.005334352108520926
FemaleDatingStrategy.csv,TrueOffMyChest.csv,0.005332490082384842
FemaleDatingStrategy.csv,CryptoCurrency.csv,0.005263410560954328
Piracy.csv,antiwork.csv,0.005246184704835819
Piracy.csv,teenagers.csv,0.0051797208282348415
FemaleDatingStrategy.csv,Liberal.csv,0.005109001966187115
askscience.csv,unpopularopinion.csv,0.005071155283966515
personalfinance.csv,Twitch.csv,0.0049581773953566305
LifeProTips.csv,AmItheAsshole.csv,0.004905633145456353
CryptoCurrency.csv,Twitch.csv,0.004507429520667447
NintendoSwitch.csv,unpopularopinion.csv,0.004487240513670191
anime.csv,explainlikeimfive.csv,0.0044163324362426395
Minecraft.csv,Jokes.csv,0.004396482145128394
NoStupidQuestions.csv,MaliciousCompliance.csv,0.004345860136459557
Minecraft.csv,relationship_advice.csv,0.0042912933656667155
NoStupidQuestions.csv,Piracy.csv,0.004284091433927096
NoFap.csv,personalfinance.csv,0.004268830851194944
antiwork.csv,MaliciousCompliance.csv,0.004144702626935394
worldnews.csv,Fitness.csv,0.003879592931022963
Minecraft.csv,AskMen.csv,0.0038412373985014427
relationships.csv,CryptoCurrency.csv,0.0038407520922486577
CryptoCurrency.csv,AmItheAsshole.csv,0.0038227773827975405
askscience.csv,nfl.csv,0.0037273518053010934
askscience.csv,politics.csv,0.003603132449473685
techsupport.csv,askscience.csv,0.003564670907964168
Fitness.csv,CasualUK.csv,0.0034014818490019187
askscience.csv,mildlyinteresting.csv,0.0033456261218443575
copypasta.csv,anime.csv,0.0033392669265014437
FemaleDatingStrategy.csv,LifeProTips.csv,0.00328540184029363
AskWomen.csv,Twitch.csv,0.0032795964959465313
todayilearned.csv,Twitch.csv,0.0031789081659823366
NoFap.csv,FemaleDatingStrategy.csv,0.0031145337653086668
buildapc.csv,relationship_advice.csv,0.0031128689389836534
Games.csv,personalfinance.csv,0.003089586370647548
sex.csv,explainlikeimfive.csv,0.0030402197361636546
antiwork.csv,Games.csv,0.0030060669143552148
Cooking.csv,apple.csv,0.00276197073695821
TwoXChromosomes.csv,Twitch.csv,0.00250400411218152
Minecraft.csv,personalfinance.csv,0.0022626065072431385
personalfinance.csv,worldnews.csv,0.002254483492293586
techsupport.csv,anime.csv,0.00220383572979781
copypasta.csv,TwoXChromosomes.csv,0.002165021513928743
IAmA.csv,copypasta.csv,0.0020977697529742274
Piracy.csv,NoFap.csv,0.002028569165234721
AskMen.csv,CryptoCurrency.csv,0.0019379437667350185
CryptoCurrency.csv,TrueOffMyChest.csv,0.001823137507766179
Minecraft.csv,NintendoSwitch.csv,0.00171190958272208
NintendoSwitch.csv,Jokes.csv,0.0015780074111643766
FemaleDatingStrategy.csv,AskMen.csv,0.001567275674688659
techsupport.csv,nfl.csv,0.0011509450397634118
Cooking.csv,Conservative.csv,0.0011042136625208031
IAmA.csv,NintendoSwitch.csv,0.0010559471881167754
buildapc.csv,unpopularopinion.csv,0.0010031548836761826
AskWomen.csv,baseball.csv,0.000995019374122324
nfl.csv,Jokes.csv,0.0009789491284645643
askscience.csv,antiwork.csv,0.0008085964710933397
MensRights.csv,Cooking.csv,0.0006952118743391721
AskWomen.csv,NintendoSwitch.csv,0.0006860763912950457
Conservative.csv,AgainstHateSubreddits.csv,0.0005811785280531168
soccer.csv,Twitch.csv,0.0004585683771927609
AskWomen.csv,apple.csv,0.0003244826112666164
mildlyinteresting.csv,Games.csv,0.0003034808297908524
apple.csv,AmItheAsshole.csv,0.0002841724957405624
techsupport.csv,FemaleDatingStrategy.csv,0.00023080297612297108
Cooking.csv,AmItheAsshole.csv,1.0347159993135888e-05
sex.csv,Games.csv,-6.32669603739186e-06
buildapc.csv,teenagers.csv,-8.82788184674234e-05
buildapc.csv,Conservative.csv,-0.00023120015593551882
Cooking.csv,relationship_advice.csv,-0.00027737144686555953
buildapc.csv,MaliciousCompliance.csv,-0.0006183336885154716
Piracy.csv,relationship_advice.csv,-0.0007147281860811257
antiwork.csv,AskReddit.csv,-0.0007463739721639325
Piracy.csv,Liberal.csv,-0.0007957338137164656
Piracy.csv,CasualUK.csv,-0.0008384657573572065
AgainstHateSubreddits.csv,relationship_advice.csv,-0.0008604603570665729
teenagers.csv,Conservative.csv,-0.0008991576991758
politics.csv,CasualUK.csv,-0.0009889200093622695
sex.csv,CryptoCurrency.csv,-0.0012251402344587293
MaliciousCompliance.csv,AgainstHateSubreddits.csv,-0.001291468972383978
soccer.csv,CryptoCurrency.csv,-0.0013138325984410025
mildlyinteresting.csv,AgainstHateSubreddits.csv,-0.0013293024620659507
askscience.csv,nba.csv,-0.0013983350389929756
techsupport.csv,AskReddit.csv,-0.0014719406097788018
nfl.csv,CasualUK.csv,-0.0015848544109732113
AskWomen.csv,CryptoCurrency.csv,-0.001719280584706685
NoFap.csv,CasualUK.csv,-0.0017888388151353126
sysadmin.csv,TrueOffMyChest.csv,-0.0018132522115036813
nba.csv,CasualUK.csv,-0.001946612324210323
MensRights.csv,explainlikeimfive.csv,-0.002125701559885942
buildapc.csv,CasualUK.csv,-0.002225630099226158
techsupport.csv,Conservative.csv,-0.002409547497784192
copypasta.csv,NintendoSwitch.csv,-0.00242036617620066
copypasta.csv,explainlikeimfive.csv,-0.0026240070617213336
todayilearned.csv,antiwork.csv,-0.00268289314328392
Twitch.csv,AmItheAsshole.csv,-0.0027792668045862057
antiwork.csv,AskMen.csv,-0.002822159500684104
FemaleDatingStrategy.csv,nfl.csv,-0.002939767843058605
Piracy.csv,LifeProTips.csv,-0.0029693146945182006
TwoXChromosomes.csv,personalfinance.csv,-0.003052312937392077
copypasta.csv,relationship_advice.csv,-0.0030713661876896566
askscience.csv,Twitch.csv,-0.0031397859394255226
Conservative.csv,relationship_advice.csv,-0.0032223706530652117
techsupport.csv,AmItheAsshole.csv,-0.0034172893045905433
AskWomen.csv,anime.csv,-0.0035457294056730816
AgainstHateSubreddits.csv,Fitness.csv,-0.003697548149387174
personalfinance.csv,Fitness.csv,-0.0037963451632713214
askscience.csv,buildapc.csv,-0.003955433370324422
askscience.csv,baseball.csv,-0.004004040100713625
techsupport.csv,worldnews.csv,-0.0040435610402942065
NoStupidQuestions.csv,antiwork.csv,-0.004095175988047873
antiwork.csv,worldnews.csv,-0.0041652132774026365
sysadmin.csv,AgainstHateSubreddits.csv,-0.004291697389442601
MaliciousCompliance.csv,sex.csv,-0.004327783554201071
askscience.csv,MensRights.csv,-0.004374969012384336
CryptoCurrency.csv,unpopularopinion.csv,-0.004609069007966052
askscience.csv,Jokes.csv,-0.004629849453825819
MaliciousCompliance.csv,teenagers.csv,-0.004669350218963847
sysadmin.csv,techsupport.csv,-0.004739718306263343
Minecraft.csv,CryptoCurrency.csv,-0.005180233541858562
AskWomen.csv,Conservative.csv,-0.005326082527282821
personalfinance.csv,nba.csv,-0.005362549792196766
askscience.csv,apple.csv,-0.0054085605352812965
antiwork.csv,MensRights.csv,-0.005474563887129682
Piracy.csv,politics.csv,-0.005557565403835859
apple.csv,AgainstHateSubreddits.csv,-0.0056701285114821144
Liberal.csv,Cooking.csv,-0.00585783790836935
antiwork.csv,personalfinance.csv,-0.006103887668784261
Piracy.csv,baseball.csv,-0.006162231454441669
antiwork.csv,NoFap.csv,-0.0062634212766746935
Piracy.csv,copypasta.csv,-0.006321750159271401
movies.csv,copypasta.csv,-0.00637849010064701
buildapc.csv,AmItheAsshole.csv,-0.006504095991757628
Minecraft.csv,Fitness.csv,-0.006818311708190444
NoStupidQuestions.csv,Twitch.csv,-0.007024720289126464
techsupport.csv,Minecraft.csv,-0.007082452162125702
TrueOffMyChest.csv,CasualUK.csv,-0.00712318470148321
sysadmin.csv,MensRights.csv,-0.007126447214916545
NoFap.csv,AgainstHateSubreddits.csv,-0.0072868710528978175
copypasta.csv,CryptoCurrency.csv,-0.007296352792357537
FemaleDatingStrategy.csv,AgainstHateSubreddits.csv,-0.007386881304407155
Conservative.csv,CasualUK.csv,-0.00755109591039156
TwoXChromosomes.csv,AgainstHateSubreddits.csv,-0.0075972911909955535
Jokes.csv,AgainstHateSubreddits.csv,-0.00759840622076397
Piracy.csv,Cooking.csv,-0.007810042317270328
Minecraft.csv,Liberal.csv,-0.007985050313982025
sex.csv,CasualUK.csv,-0.008651965882405745
FemaleDatingStrategy.csv,Minecraft.csv,-0.008907813697841261
AgainstHateSubreddits.csv,explainlikeimfive.csv,-0.009149416791278259
LifeProTips.csv,AgainstHateSubreddits.csv,-0.009609179349522084
Cooking.csv,Twitch.csv,-0.00962486399269438
FemaleDatingStrategy.csv,AmItheAsshole.csv,-0.00974278003994642
MaliciousCompliance.csv,Twitch.csv,-0.00989792113045616
Minecraft.csv,Cooking.csv,-0.010287499992157861
antiwork.csv,teenagers.csv,-0.010520983059815112
MaliciousCompliance.csv,copypasta.csv,-0.010635962839221753
copypasta.csv,personalfinance.csv,-0.0107801283592848
AskWomen.csv,antiwork.csv,-0.01109171558646101
FemaleDatingStrategy.csv,relationship_advice.csv,-0.011126453615414852
Games.csv,unpopularopinion.csv,-0.011298768951085524
FemaleDatingStrategy.csv,TwoXChromosomes.csv,-0.011436110034858338
NoFap.csv,explainlikeimfive.csv,-0.011559031049595603
sysadmin.csv,relationships.csv,-0.01167238794888879
antiwork.csv,anime.csv,-0.011738213844785902
leagueoflegends.csv,AgainstHateSubreddits.csv,-0.011925201246602846
buildapc.csv,FemaleDatingStrategy.csv,-0.01239333888935791
techsupport.csv,movies.csv,-0.01256609511807616
sex.csv,AgainstHateSubreddits.csv,-0.01261163883647708
AskMen.csv,Games.csv,-0.012713006744726505
personalfinance.csv,explainlikeimfive.csv,-0.013139882830014738
AgainstHateSubreddits.csv,unpopularopinion.csv,-0.013141832460057207
FemaleDatingStrategy.csv,Games.csv,-0.013298046992959318
IAmA.csv,antiwork.csv,-0.013617717813488849
MensRights.csv,Fitness.csv,-0.013892959203557268
FemaleDatingStrategy.csv,copypasta.csv,-0.014062390263603135
baseball.csv,AgainstHateSubreddits.csv,-0.014339324803678695
TrueOffMyChest.csv,Twitch.csv,-0.015160100424335594
techsupport.csv,AskMen.csv,-0.01551528702004848
askscience.csv,teenagers.csv,-0.01583467576078803
copypasta.csv,LifeProTips.csv,-0.015904900706933747
FemaleDatingStrategy.csv,anime.csv,-0.016234543896206675
CryptoCurrency.csv,Fitness.csv,-0.016490815331053867
leagueoflegends.csv,antiwork.csv,-0.01655902149024208
antiwork.csv,nfl.csv,-0.016854459912107576
Conservative.csv,Twitch.csv,-0.0173074610684598
tifu.csv,Conservative.csv,-0.017380863183074764
antiwork.csv,nba.csv,-0.01740309465073462
NoStupidQuestions.csv,AgainstHateSubreddits.csv,-0.017640877264181745
antiwork.csv,AgainstHateSubreddits.csv,-0.01772078115853283
mildlyinteresting.csv,FemaleDatingStrategy.csv,-0.01862362893558231
askscience.csv,Conservative.csv,-0.019326992192351074
techsupport.csv,relationship_advice.csv,-0.020181161687063024
sex.csv,Liberal.csv,-0.020947244602230873
Liberal.csv,Twitch.csv,-0.021081834305783788
techsupport.csv,explainlikeimfive.csv,-0.021830447265972622
sysadmin.csv,antiwork.csv,-0.022260299171051247
AskWomen.csv,AgainstHateSubreddits.csv,-0.023268195977500634
Cooking.csv,explainlikeimfive.csv,-0.024326543960218876
MaliciousCompliance.csv,Minecraft.csv,-0.024456376491569017
techsupport.csv,MensRights.csv,-0.024612971475638904
Minecraft.csv,AmItheAsshole.csv,-0.02512863022752603
Conservative.csv,Fitness.csv,-0.026023483724506857
Piracy.csv,AgainstHateSubreddits.csv,-0.02606717003551126
Piracy.csv,AskMen.csv,-0.027277972320591676
Piracy.csv,TrueOffMyChest.csv,-0.027798535892957298
relationship_advice.csv,CasualUK.csv,-0.028316848534551794
copypasta.csv,AgainstHateSubreddits.csv,-0.02893495813503945
AgainstHateSubreddits.csv,Twitch.csv,-0.030001011122747934
NintendoSwitch.csv,AgainstHateSubreddits.csv,-0.03534628743799623
Piracy.csv,FemaleDatingStrategy.csv,-0.037790523451832786
techsupport.csv,unpopularopinion.csv,-0.038329982842516507
AskWomen.csv,Piracy.csv,-0.04078361244764652
antiwork.csv,LifeProTips.csv,-0.06070431770394241
